symbol,year,z_score,distressed,totalCurrentAssets,totalAssets,retainedEarnings,ebitda,depreciationAndAmortization_income_statement,totalLiabilities,marketcap,revenue
MMM.SW,2024,4.07,0,15884000000.0,39868000000.0,36797000000.0,7373000000,1363000000.0,35974000000.0,70890000000.0,24575000000
MMM.SW,2023,2.29,0,16379000000.0,50580000000.0,37479000000.0,-6759000000,1987000000.0,45712000000.0,60370000000.0,32681000000
MMM.SW,2022,4.27,0,14688000000.0,46455000000.0,47950000000.0,8274000000,1831000000.0,31685000000.0,66280000000.0,34229000000
MMM.SW,2021,4.96,0,15403000000.0,47072000000.0,45821000000.0,9669000000,1915000000.0,31955000000.0,101570000000.0,35355000000
ABBN.SW,2024,4.98,0,20850000000.0,40357000000.0,20717000000.0,6134000000,802000000.0,25297000000.0,100950000000.0,32850000000
ABBN.SW,2023,4.32,0,21277000000.0,40940000000.0,19724000000.0,5833000000,780000000.0,26794000000.0,81650000000.0,32235000000
ABBN.SW,2022,3.68,0,19570000000.0,39148000000.0,20082000000.0,4338000000,814000000.0,25876000000.0,56840000000.0,29446000000
ABBN.SW,2021,4.39,0,18695000000.0,40260000000.0,22477000000.0,6828000000,893000000.0,24303000000.0,74800000000.0,28945000000
ABT.SW,2024,5.55,0,23656000000.0,81414000000.0,47261000000.0,10790000000,3218000000.0,33513000000.0,199440000000.0,41950000000
ABT.SW,2023,5.3,0,22670000000.0,73214000000.0,37554000000.0,10544000000,3243000000.0,34387000000.0,191080000000.0,40109000000
ABT.SW,2022,5.12,0,25224000000.0,74438000000.0,35257000000.0,12380000000,3267000000.0,37533000000.0,191420000000.0,43653000000
ABT.SW,2021,5.76,0,24239000000.0,75196000000.0,31528000000.0,12742000000,3538000000.0,39172000000.0,248860000000.0,43075000000
ACLN.SW,2023,4.1,0,763331000.0,1206801000.0,224008000.0,171434000,30128000.0,903899000.0,2920000000.0,914859000
ACLN.SW,2022,3.97,0,614904000.0,981551000.0,122801000.0,179783000,22745000.0,685045000.0,1960000000.0,780538000
ADXN.SW,2023,-113.64,0,4234605.0,4641885.0,-360418242.0,-10228664,305952.0,3496420.0,6490000.0,1612953
ADXN.SW,2022,-64.61,0,7828961.0,8282050.0,-349862015.0,-20432172,323144.0,3369139.0,8400000.0,1422438
ADXN.SW,2021,-16.77,0,21941776.0,22541784.0,-329057802.0,-14941292,347613.0,5610684.0,43110000.0,2916308
ADXN.SW,2020,-15.86,0,19489564.0,20181812.0,-313705888.0,-12410344,378754.0,5572009.0,61760000.0,3612819
ADEN.SW,2024,3.23,0,5080000000.0,12099000000.0,3269000000.0,760000000,244000000.0,8513000000.0,4140000000.0,23138000000
ADEN.SW,2023,3.55,0,5488000000.0,12430000000.0,3398000000.0,841000000,257000000.0,8829000000.0,8250000000.0,23957000000
ADEN.SW,2023,3.55,0,5488000000.0,12430000000.0,3398000000.0,841000000,257000000.0,8829000000.0,8250000000.0,23957000000
ADEN.SW,2022,3.17,0,6124000000.0,13256000000.0,3412000000.0,770000000,270000000.0,9363000000.0,5500000000.0,23640000000
ADEN.SW,2022,3.17,0,6124000000.0,13256000000.0,3412000000.0,770000000,270000000.0,9363000000.0,5500000000.0,23640000000
ADEN.SW,2021,3.79,0,7723000000.0,11865000000.0,3361000000.0,971000000,186000000.0,8065000000.0,8500000000.0,20949000000
ADEN.SW,2021,3.79,0,7723000000.0,11865000000.0,3361000000.0,971000000,186000000.0,8065000000.0,8500000000.0,20949000000
ADEN.SW,2023,3.55,0,5488000000.0,12430000000.0,3398000000.0,841000000,257000000.0,8829000000.0,8250000000.0,23957000000
ADEN.SW,2023,3.55,0,5488000000.0,12430000000.0,3398000000.0,841000000,257000000.0,8829000000.0,8250000000.0,23957000000
ADEN.SW,2022,3.17,0,6124000000.0,13256000000.0,3412000000.0,770000000,270000000.0,9363000000.0,5500000000.0,23640000000
ADEN.SW,2022,3.17,0,6124000000.0,13256000000.0,3412000000.0,770000000,270000000.0,9363000000.0,5500000000.0,23640000000
ADEN.SW,2021,3.79,0,7723000000.0,11865000000.0,3361000000.0,971000000,186000000.0,8065000000.0,8500000000.0,20949000000
ADEN.SW,2021,3.79,0,7723000000.0,11865000000.0,3361000000.0,971000000,186000000.0,8065000000.0,8500000000.0,20949000000
AEVS.SW,2023,1.7,0,354825000.0,1855730000.0,309400000.0,49062000,61937000.0,1317157000.0,1690000000.0,914363000
AEVS.SW,2022,1.86,0,380556000.0,1790726000.0,208419000.0,128295000,66590000.0,1280589000.0,1600000000.0,1030550000
AEVS.SW,2021,1.63,0,383164000.0,1730429000.0,178719000.0,86313000,61671000.0,1144979000.0,1330000000.0,823256000
AEVS.SW,2020,1.34,0,309366000.0,1529948000.0,62239000.0,34477000,55750000.0,1110308000.0,1170000000.0,696566000
ALC.SW,2024,3.62,0,6309000000.0,30347000000.0,0.0,2676000000,1228000000.0,8794000000.0,42360000000.0,9911000000
ALC.SW,2023,3.23,0,5647000000.0,29614000000.0,0.0,2242000000,1221000000.0,8990000000.0,38410000000.0,9455000000
ALC.SW,2022,2.69,0,5193000000.0,29209000000.0,0.0,1720000000,1123000000.0,9532000000.0,33590000000.0,8717000000
ALC.SW,2021,3.56,0,5386000000.0,27999000000.0,0.0,1757000000,1219000000.0,8743000000.0,43280000000.0,8291000000
ALLN.SW,2024,1.45,0,586400000.0,5880300000.0,2215400000.0,314800000,2400000.0,3239300000.0,3010000000.0,420000000
ALLN.SW,2023,1.2,0,537500000.0,5725000000.0,1608000000.0,119200000,2200000.0,3179900000.0,2950000000.0,428300000
ALLN.SW,2022,1.1,0,14100000.0,5689100000.0,1543800000.0,185700000,1800000.0,3093200000.0,2680000000.0,502000000
ALLN.SW,2021,1.24,0,73400000.0,5804200000.0,1459200000.0,183800000,1500000.0,3245900000.0,3650000000.0,552900000
ALSN.SW,2024,5.19,0,2989841000.0,3476574000.0,1161189000.0,243190000,41856000.0,2395595000.0,3060000000.0,9505577000
ALSN.SW,2023,5.81,0,2765667000.0,3229873000.0,1106082000.0,254378000,44603000.0,2184790000.0,3660000000.0,9959628000
ALSN.SW,2022,6.06,0,2705042000.0,3153517000.0,1039525000.0,279596000,43177000.0,2113104000.0,2340000000.0,11552876000
ALSN.SW,2021,6.9,0,2691602000.0,3084502000.0,941228000.0,258368000,39677000.0,2135003000.0,4200000000.0,12394388000
AFP.SW,2023,2.05,0,184141000.0,475315000.0,84045000.0,43507000,22312000.0,280734000.0,180000000.0,381503000
AFP.SW,2022,2.36,0,175962000.0,448039000.0,60816000.0,42053000,24740000.0,255645000.0,330000000.0,357409000
AFP.SW,2021,3.96,0,121946000.0,301663000.0,41529000.0,37051000,22883000.0,120087000.0,450000000.0,266168000
AFP.SW,2020,5.36,0,135900000.0,282716000.0,27316000.0,32148000,18977000.0,108448000.0,660000000.0,239492000
AMS.SW,2024,0.64,0,2743000000.0,6903000000.0,-2064000000.0,976000000,942000000.0,5668000000.0,670000000.0,3428000000
AMS.SW,2023,0.3,0,2620000000.0,7401000000.0,-1289000000.0,471000000,1892000000.0,5496000000.0,2470000000.0,3590000000
AMS.SW,2022,1.12,0,2884000000.0,8832000000.0,358000000.0,855000000,1018000000.0,5999000000.0,1900000000.0,4819000000
AMS.SW,2021,1.56,0,3282000000.0,9644000000.0,877000000.0,938000000,760000000.0,6494000000.0,4740000000.0,5038000000
AAM.SW,2024,2.18,0,19660000000.0,64866000000.0,36744000000.0,3320000000,3072000000.0,36333000000.0,35670000000.0,27290000000
AAM.SW,2023,2.44,0,17327000000.0,66544000000.0,40860000000.0,7270000000,2685000000.0,34927000000.0,33600000000.0,30652000000
AAM.SW,2022,3.23,0,19936000000.0,67407000000.0,42411000000.0,13336000000,2446000000.0,33383000000.0,52440000000.0,35118000000
AAM.SW,2021,3.81,0,18973000000.0,65985000000.0,41716000000.0,20778000000,2715000000.0,31215000000.0,54620000000.0,41554000000
APGN.SW,2023,7.13,0,116866000.0,191110000.0,69268000.0,42142000,10191000.0,107252000.0,650000000.0,325632000
APGN.SW,2022,6.57,0,108941000.0,189406000.0,75393000.0,40108000,10838000.0,98182000.0,520000000.0,310600000
APGN.SW,2021,6.16,0,128588000.0,215533000.0,84954000.0,25834000,10484000.0,113806000.0,650000000.0,266144999
APGN.SW,2020,6.16,0,121224000.0,205255000.0,72291000.0,26968000,10553000.0,115845000.0,660000000.0,261904000
ARBN.SW,2023,2.08,0,770243000.0,1482578000.0,341126000.0,62065000,77813000.0,561607000.0,780000000.0,504605000
ARBN.SW,2022,2.55,0,422748000.0,1519512000.0,352731000.0,44915000,37312000.0,531970000.0,960000000.0,1202097000
ARBN.SW,2021,3.19,0,593134000.0,1623296000.0,360056000.0,123034000,71390000.0,578954000.0,1550000000.0,1186177000
ARBN.SW,2020,2.52,0,597104000.0,1515170000.0,200011000.0,112315000,62420000.0,621955000.0,1110000000.0,1038421000
ARYN.SW,2024,1.55,0,362400000.0,1911000000.0,-1234800000.0,341000000,130900000.0,1458900000.0,1740000000.0,2194500000
ARYN.SW,2023,1.99,0,427500000.0,1966900000.0,-754900000.0,280400000,127500000.0,1173600000.0,1830000000.0,2123200000
ARYN.SW,2022,0.95,0,521600000.0,2082600000.0,-1316400000.0,170300000,123800000.0,1150200000.0,1180000000.0,1756100000
ARYN.SW,2021,1.06,0,518700000.0,2063699999.0,-1095700000.0,182900000,183900000.0,961600000.0,1230000000.0,1525400000
ASCN.SW,2023,5.07,0,145500000.0,197200000.0,76600000.0,31300000,9900000.0,118500000.0,350000000.0,297300000
ASCN.SW,2022,4.01,0,85900000.0,201800000.0,65800000.0,25900000,9900000.0,128400000.0,280000000.0,297400000
ASCN.SW,2021,5.54,0,147400000.0,194700000.0,63600000.0,28800000,12900000.0,114700000.0,460000000.0,291500000
ASCN.SW,2020,5.13,0,136500000.0,203100000.0,50100000.0,25200000,13900000.0,132000000.0,530000000.0,281000000
AUTN.SW,2023,2.81,0,692500000.0,1671200000.0,296700000.0,221700000,126000000.0,1134300000.0,940000000.0,2302300000
AUTN.SW,2022,2.27,0,601100000.0,1497600000.0,243200000.0,149600000,116400000.0,1065599999.0,510000000.0,1804500000
AUTN.SW,2021,2.37,0,555400000.0,1532900000.0,244000000.0,181500000,122300000.0,1081700000.0,860000000.0,1700400000
AUTN.SW,2020,2.03,0,800800000.0,1827800000.0,193700000.0,143100000,120300000.0,1414200000.0,850000000.0,1740600000
AVOL.SW,2023,1.0,0,2477100000.0,16514900000.0,-4386600000.0,2471300000,1639400000.0,14019600000.0,5890000000.0,12789600000
AVOL.SW,2022,0.95,0,2334900000.0,9309600000.0,-3598900000.0,1618800000,1111500000.0,8343500000.0,3780000000.0,6878400000
AVOL.SW,2021,0.39,0,1977800000.0,9990400000.0,-3683100000.0,1128200000,1210000000.0,8955900000.0,4480000000.0,3915400000
AVOL.SW,2020,-0.47,0,1387000000.0,11255000000.0,-3323200000.0,-807800000,1648700000.0,10337000000.0,5050000000.0,2561100000
BANB.SW,2024,7.08,0,822792000.0,1922971000.0,801980000.0,178521000,43262000.0,531882000.0,4820000000.0,605259000
BANB.SW,2023,11.37,0,841531000.0,1682880000.0,710323000.0,163276000,33896000.0,362357000.0,5790000000.0,577316000
BANB.SW,2022,19.79,0,760420000.0,1383869000.0,626957000.0,157078000,33317999.0,214208000.0,6360000000.0,531741000
BANB.SW,2021,41.12,0,833671000.0,1298496000.0,552135000.0,156466000,28423000.0,177498000.0,11550000000.0,503234000
BALN.SW,2023,0.29,0,2797100000.0,77872800000.0,4808300000.0,445000000,76000000.0,74613500000.0,7090000000.0,7035700000
BALN.SW,2022,0.32,0,5241700000.0,77994600000.0,4898200000.0,440400000,79000000.0,74577200000.0,6970000000.0,5983700000
BALN.SW,2021,0.38,0,6094100000.0,89155100000.0,6809700000.0,838200000,98100000.0,81855200000.0,7340000000.0,10079500000
BALN.SW,2020,0.37,0,6160300000.0,87686800000.0,6983000000.0,660200000,97400000.0,80701100000.0,8040000000.0,8577200000
BCGE.SW,2023,0.7,0,13943896000.0,30269565000.0,1291208000.0,292532000,20332000.0,28086039000.0,1900000000.0,589876000
BCGE.SW,2022,0.42,0,7540168000.0,30034414000.0,1097768000.0,228286000,18717000.0,28050763000.0,1370000000.0,514315000
BCGE.SW,2021,0.39,0,6565997000.0,28293691000.0,952778000.0,171169000,16847000.0,26466469000.0,1240000000.0,468418000
BCGE.SW,2020,0.39,0,6577370000.0,27541692000.0,846263000.0,143407000,15285000.0,25825351000.0,1270000000.0,425806000
BCVN.SW,2023,0.47,0,12602000000.0,58870000000.0,3084000000.0,0,76000000.0,55015000000.0,11070000000.0,1149900000
BCVN.SW,2022,1.02,0,14173000000.0,59397000000.0,2942000000.0,518900000,66400000.0,7942000000.0,8240000000.0,1028500000
BCVN.SW,2021,0.95,0,13619000000.0,55952000000.0,2872000000.0,513200000,68000000.0,7315000000.0,6650000000.0,1003600000
BCVN.SW,2020,1.22,0,12984000000.0,53186000000.0,2803000000.0,449500000,68100000.0,6914000000.0,9370000000.0,949800000
BARN.SW,2024,2.47,0,12179909000.0,15274074000.0,4123314000.0,710415000,246088000.0,12432454000.0,7390000000.0,10386283000
BARN.SW,2023,3.68,0,5521755000.0,8523341000.0,4088797000.0,901649000,237946000.0,5626197000.0,9220000000.0,8470525000
BARN.SW,2022,3.93,0,4759297000.0,7929771000.0,3797414000.0,778827000,235899000.0,5025425000.0,10830000000.0,8091855000
BARN.SW,2021,4.31,0,4266078000.0,7352422000.0,3538158000.0,791975000,228506000.0,4667205000.0,13290000000.0,7207595000
BLKB.SW,2023,0.46,0,11849290000.0,34146235000.0,152508000.0,174540000,26445000.0,31297382000.0,570000000.0,458251000
BLKB.SW,2022,0.37,0,6863720000.0,34773444000.0,2518303000.0,157599000,30346000.0,32040243000.0,560000000.0,442341000
BLKB.SW,2021,0.34,0,5488547000.0,32835561999.0,2431284000.0,151311000,22422000.0,30189471000.0,560000000.0,394131000
BLKB.SW,2020,0.23,0,4845317000.0,29769688000.0,145192000.0,1298000,18040000.0,27207728000.0,600000000.0,405993000
BSLN.SW,2023,-4.08,0,152145000.0,173289000.0,-1000887000.0,23185000,1577000.0,183292000.0,500000000.0,157634000
BSLN.SW,2022,-2.98,0,175364000.0,220848000.0,-1011072000.0,26210000,3097000.0,241563000.0,590000000.0,147765000
BSLN.SW,2021,-2.93,0,241066000.0,247267000.0,-1023219000.0,6722999,2454000.0,305874000.0,530000000.0,148122000
BSLN.SW,2020,-3.36,0,223528000.0,229794000.0,-1016388000.0,-2238999,2290000.0,331840000.0,650000000.0,127629000
BSKP.SW,2023,0.29,0,6952314000.0,52676596000.0,3974868000.0,212848000,28096000.0,48295703000.0,380000000.0,646830000
BSKP.SW,2022,0.25,0,9026859000.0,55229471000.0,971025000.0,0,26482000.0,10476157000.0,330000000.0,593868000
BSKP.SW,2021,0.29,0,10507180000.0,53469809000.0,915912000.0,159980000,28676000.0,13528157000.0,340000000.0,585625000
BSKP.SW,2020,0.38,0,14369791000.0,54435465000.0,878994000.0,150327000,29154000.0,10852396000.0,350000000.0,538299000
BION.SW,2023,7.64,0,2637154000.0,2637154000.0,2348645000.0,-201256000,-166653000.0,313937000.0,2780000000.0,-199567000
BION.SW,2022,6.44,0,1948000.0,3053389000.0,2711563000.0,-357286000,-314273000.0,367254000.0,3280000000.0,-351227000
BION.SW,2021,8.99,0,2835000.0,3644082000.0,3281618000.0,-402793000,-343595000.0,355000000.0,4670000000.0,-396220000
BION.SW,2020,46.41,0,8337000.0,3963135000.0,3884708000.0,691249000,206297.0,63000000.0,4650000000.0,699233000
BEAN.SW,2023,34.77,0,389806000.0,661989000.0,546552000.0,179952000,35846000.0,131500000.0,6770000000.0,858785000
BEAN.SW,2022,24.77,0,414048000.0,688536000.0,519597000.0,185466000,36670000.0,166779000.0,5850000000.0,846900000
BEAN.SW,2021,34.99,0,408265000.0,660861000.0,503176000.0,178050000,33031999.0,149525000.0,7800000000.0,765343000
BEAN.SW,2020,32.48,0,361316000.0,600074000.0,481457000.0,133745000,31272000.0,110811000.0,5350000000.0,661226000
BELL.SW,2024,3.5,0,1131600000.0,3195600000.0,1675100000.0,351200000,183800000.0,1598000000.0,1830000000.0,4728300000
BELL.SW,2023,3.37,0,1333200000.0,3273500000.0,1632600000.0,335700000,173900000.0,1766200000.0,1890000000.0,4514200000
BELL.SW,2022,3.35,0,1250400000.0,3077200000.0,1525000000.0,320300000,162800000.0,1604800000.0,1610000000.0,4315000000
BELL.SW,2021,3.7,0,1078200000.0,2798300000.0,1402700000.0,322300000,163400000.0,1384200000.0,2000000000.0,4151600000
BBN.SW,2023,9.57,0,95007000.0,155543000.0,110504000.0,23798000,3663000.0,33075000.0,380000000.0,81909000
BBN.SW,2022,8.62,0,64681000.0,185211000.0,120846000.0,34867000,3624000.0,51324000.0,530000000.0,99374000
BBN.SW,2021,7.12,0,84363000.0,226622000.0,129155000.0,60274000,3751000.0,80032000.0,590000000.0,142161000
BBN.SW,2020,6.27,0,82547000.0,235564000.0,141028000.0,46355000,4777000.0,69748000.0,460000000.0,110369000
TIBN.SW,2024,3.34,0,26634000.0,215385000.0,158073000.0,29896000,14240000.0,52611000.0,140000000.0,70403000
TIBN.SW,2023,4.79,0,16026000.0,179719000.0,143034000.0,23214000,12963000.0,31979000.0,160000000.0,68392000
TIBN.SW,2022,4.78,0,20501000.0,163268000.0,132717000.0,16843000,13399000.0,26833000.0,140000000.0,47909000
TIBN.SW,2021,4.48,0,13451000.0,162930000.0,129389999.0,9018999,13685000.0,29819000.0,160000000.0,24002000
BEKN.SW,2023,0.63,0,16207231999.0,40053489000.0,2720934000.0,0,36648000.0,37165986000.0,2590000000.0,532284000
BEKN.SW,2022,0.33,0,9335059000.0,39757263000.0,160299000.0,0,64795000.0,36990980000.0,2220000000.0,531303000
BEKN.SW,2021,0.37,0,10309081000.0,38993620000.0,155427000.0,0,46557000.0,36288024000.0,2040000000.0,497220000
BEKN.SW,2020,0.37,0,8938984000.0,36421744000.0,148507000.0,243611000,72234000.0,33777813000.0,2380000000.0,494061000
BKW.SW,2023,2.42,0,2780100000.0,11011600000.0,4675200000.0,886700000,279900000.0,5964600000.0,9370000000.0,4432700000
BKW.SW,2022,2.12,0,3894600000.0,11967400000.0,4401900000.0,1062600000,271300000.0,7587800000.0,7210000000.0,5064500000
BKW.SW,2021,1.8,0,4354500000.0,12141800000.0,3987000000.0,666200000,247200000.0,7915500000.0,6840000000.0,3380000000
BKW.SW,2020,1.94,0,2191500000.0,9535400000.0,3810100000.0,685800000,243000000.0,5546000000.0,5930000000.0,2935700000
BOSN.SW,2024,5.06,0,605905000.0,843958000.0,269306000.0,130377000,26257000.0,451621000.0,1640000000.0,986431000
BOSN.SW,2023,6.05,0,587660000.0,807237000.0,417626000.0,135714000,24995000.0,434551000.0,1940000000.0,1068976000
BOSN.SW,2022,5.08,0,690761000.0,910089000.0,386753000.0,165185000,23718000.0,530466000.0,1590000000.0,1153841000
BOSN.SW,2021,7.23,0,563457000.0,772776000.0,342798000.0,147917000,22334000.0,423228000.0,2760000000.0,995148000
BUCN.SW,2024,5.74,0,1954500000.0,2785300000.0,1890000000.0,385800000,92000000.0,902700000.0,3720000000.0,3155500000
BUCN.SW,2023,5.69,0,2206800000.0,2958400000.0,1797700000.0,522800000,86000000.0,1142500000.0,4290000000.0,3574800000
BUCN.SW,2022,5.48,0,2270000000.0,2978700000.0,1886400000.0,503500000,79700000.0,1276900000.0,4270000000.0,3596800000
BUCN.SW,2021,5.76,0,2074400000.0,2768200000.0,1667400000.0,437700000,84700000.0,1235600000.0,5040000000.0,3176400000
BCHN.SW,2023,4.24,0,857487000.0,1065624000.0,294184000.0,141085000,18920000.0,767715000.0,2030000000.0,981963000
BCHN.SW,2022,4.36,0,735169000.0,940602000.0,287582000.0,116329000,21769000.0,679019000.0,2020000000.0,829701000
BCHN.SW,2021,3.95,0,620800000.0,837798000.0,238890000.0,88958000,20007000.0,594909000.0,1600000000.0,650698000
BCHN.SW,2020,3.71,0,547143000.0,758093000.0,215695000.0,83582000,21108000.0,538490000.0,1170000000.0,658580000
BRKN.SW,2023,5.45,0,404236000.0,469887000.0,-183031000.0,73009000,8270000.0,343864000.0,1170000000.0,1159829000
BRKN.SW,2022,4.28,0,365980000.0,424043000.0,-196986000.0,53818000,5993000.0,289590000.0,840000000.0,757552000
BRKN.SW,2021,5.79,0,203693000.0,232701000.0,70491000.0,32458000,3220000.0,158709000.0,410000000.0,548594000
BRKN.SW,2020,6.07,0,183797000.0,210423000.0,67668000.0,21771000,3314000.0,139138000.0,440000000.0,502803000
BVZN.SW,2023,1.25,0,102905453.0,693042735.0,159700807.0,69016799,30635638.0,457962754.0,210000000.0,201473814
BVZN.SW,2022,1.19,0,85124506.0,564770045.0,112503988.0,51390955,23361961.0,356279137.0,150000000.0,177245157
BVZN.SW,2021,1.15,0,54427591.0,443195975.0,89958665.0,29457001,22598728.0,257636398.0,150000000.0,139162713
BVZN.SW,2020,1.1,0,47936434.0,403344681.0,72381847.0,16446981,22753248.0,221491863.0,170000000.0,120421247
BYS.SW,2023,5.54,0,761600000.0,1024100000.0,839700000.0,81800000,21000000.0,293500000.0,1170000000.0,930100000
BYS.SW,2022,5.0,0,862500000.0,1142500000.0,823900000.0,70700000,21700000.0,418300000.0,1430000000.0,1015900000
BYS.SW,2021,7.06,0,958400000.0,1234800000.0,910700000.0,88600000,18500000.0,419600000.0,2900000000.0,939300000
BYS.SW,2020,7.09,0,813500000.0,1150600000.0,909200000.0,60300000,18100000.0,354600000.0,2550000000.0,801400000
CALN.SW,2023,3.87,0,118434000.0,233686000.0,178728000.0,-20398000,19618000.0,119630000.0,290000000.0,304428000
CALN.SW,2022,4.6,0,150725000.0,338592000.0,250183000.0,48472000,18756000.0,139634000.0,420000000.0,319069000
CALN.SW,2021,4.16,0,234078000.0,355266000.0,214851000.0,45535000,20848000.0,181700000.0,440000000.0,298445000
CALN.SW,2020,3.47,0,158737000.0,323896000.0,202037000.0,36247000,21953000.0,158876000.0,290000000.0,248947000
GAV.SW,2023,7.45,0,155374000.0,182069000.0,162739000.0,31156000,6563000.0,42838000.0,270000000.0,172204000
GAV.SW,2022,6.58,0,158214000.0,185347000.0,152582000.0,44627000,5584000.0,53463000.0,230000000.0,209601000
GAV.SW,2021,6.17,0,141308000.0,169117000.0,132882000.0,36603000,5858000.0,52922000.0,210000000.0,183389000
GAV.SW,2020,5.04,0,125035000.0,155746000.0,119374000.0,22584000,5909000.0,49537000.0,140000000.0,148192000
CMBN.SW,2024,0.6,0,793201000.0,7948731000.0,1050890000.0,0,26825000.0,6663614000.0,2650000000.0,550454000
CMBN.SW,2023,0.65,0,921974000.0,8088183000.0,997887000.0,223669000,27496000.0,6838445000.0,2280000000.0,458780000
CMBN.SW,2022,0.69,0,700646000.0,7657925000.0,1010017000.0,236427000,25955000.0,6383524000.0,2490000000.0,538250000
CMBN.SW,2021,0.68,0,623632000.0,7101151000.0,953689000.0,225526000,25045000.0,5900875000.0,2130000000.0,513051000
LISP.SW,2024,5.73,0,3560300000.0,9156900000.0,5006700000.0,1194700000,297300000.0,4317300000.0,25750000000.0,5468500000
LISP.SW,2023,7.01,0,2609000000.0,7860000000.0,5054200000.0,1092100000,267500000.0,3602400000.0,28230000000.0,5201200000
LISP.SW,2022,6.15,0,2889800000.0,8090700000.0,5029200000.0,1016200000,265000000.0,3690100000.0,24180000000.0,4970200000
LISP.SW,2021,7.13,0,3024800000.0,9075900000.0,5708800000.0,918300000,269300000.0,3852300000.0,32770000000.0,4585500000
CICN.SW,2023,2.48,0,251896000.0,361113000.0,-31815000.0,41568000,21767000.0,213033000.0,180000000.0,389890000
CICN.SW,2022,1.96,0,251422000.0,367000000.0,-38916000.0,31700000,20040000.0,277178000.0,150000000.0,313193000
CICN.SW,2021,1.84,0,200631000.0,323776000.0,-43156000.0,22053000,10734000.0,234889000.0,170000000.0,239044000
CICN.SW,2020,2.62,0,129340000.0,182269000.0,-50864000.0,17791000,10312000.0,105935000.0,150000000.0,214891000
CLN.SW,2023,3.11,0,2218000000.0,5347000000.0,2686000000.0,510000000,236000000.0,3167000000.0,4850000000.0,4377000000
CLN.SW,2022,2.82,0,2670000000.0,6188000000.0,2651000000.0,296000000,276000000.0,3675000000.0,5210000000.0,5198000000
CLN.SW,2021,2.75,0,3039000000.0,7038000000.0,2510000000.0,679000000,267000000.0,4494000000.0,6850000000.0,4372000000
CLN.SW,2020,2.65,0,3291000000.0,6933000000.0,2123000000.0,633000000,269000000.0,4552000000.0,7030000000.0,3860000000
COTN.SW,2023,10.93,0,265035000.0,473578000.0,334941000.0,41405000,20018000.0,177486000.0,2450000000.0,397453000
COTN.SW,2022,7.3,0,344761000.0,569939000.0,354890000.0,113554000,19478000.0,238407000.0,1640000000.0,586395000
COTN.SW,2021,11.05,0,296299000.0,491894000.0,294430000.0,99066000,18663000.0,216913000.0,2860000000.0,513721000
COTN.SW,2020,7.14,0,238308000.0,441155000.0,224452000.0,54691000,19287000.0,226199000.0,1740000000.0,395816000
CFR.SW,2023,4.44,0,31232000000.0,42681000000.0,14779000000.0,6531000000,1432000000.0,22046000000.0,80780000000.0,20616000000
CFR.SW,2022,4.24,0,30368000000.0,40887000000.0,14625000000.0,5734000000,1473000000.0,21868000000.0,73560000000.0,19953000000
CFR.SW,2021,4.51,0,25384000000.0,39986000000.0,16082000000.0,4487000000,1553000000.0,20123000000.0,84780000000.0,16748000000
CFR.SW,2020,3.5,0,21206000000.0,35359000000.0,14885000000.0,2170000000,1522000000.0,17475000000.0,51330000000.0,13144000000
CFT.SW,2023,4.25,0,682056000.0,983208000.0,660944000.0,128638000,23133000.0,557226000.0,1050000000.0,974705000
CFT.SW,2022,3.13,0,308269000.0,1077275000.0,613178000.0,120736000,26569000.0,634759000.0,850000000.0,964929000
CFT.SW,2021,1.84,0,306176000.0,1594644000.0,564926000.0,86673000,26704000.0,1164904000.0,850000000.0,875617000
CFT.SW,2020,2.73,0,303822000.0,1148615000.0,533441000.0,112483000,28559000.0,740898000.0,910000000.0,905409000
CPHN.SW,2023,5.51,0,305949000.0,598191000.0,473594000.0,113061000,19202000.0,161920000.0,600000000.0,623982000
CPHN.SW,2022,4.24,0,382166000.0,666191000.0,422728000.0,110081000,18629000.0,266624000.0,500000000.0,725351000
CPHN.SW,2021,2.37,0,289703000.0,560398000.0,307982000.0,-117871000,28385000.0,249904000.0,400000000.0,496693000
CPHN.SW,2020,3.25,0,271340000.0,704233000.0,402372000.0,50204000,30488000.0,232366000.0,490000000.0,445189000
DKSH.SW,2024,4.21,0,4391300000.0,5848300000.0,2017500000.0,472000000,126600000.0,3968300000.0,4870000000.0,11093600000
DKSH.SW,2023,4.32,0,4083300000.0,5471200000.0,1939100000.0,440600000,132100000.0,3733300000.0,4500000000.0,11066000000
DKSH.SW,2022,4.17,0,4385900000.0,5878700000.0,1870900000.0,437300000,126500000.0,4052400000.0,4930000000.0,11320200000
DKSH.SW,2021,4.66,0,4297700000.0,5347400000.0,1845300000.0,460600000,128199999.0,3461000000.0,5360000000.0,11106300000
DOCM.SW,2023,1.76,0,293674000.0,866423000.0,-501778000.0,-54566000,43436000.0,435891000.0,1030000000.0,969462000
DOCM.SW,2022,1.0,0,395884000.0,1099445000.0,-583912000.0,-109786000,39641000.0,748666000.0,370000000.0,1608222000
DOCM.SW,2021,2.88,0,537140000.0,1269214000.0,-416219000.0,-159355000,49857000.0,784291000.0,2640000000.0,1726503000
DOCM.SW,2020,3.61,0,539273000.0,1278482000.0,-202325000.0,-76126000,38039000.0,746741000.0,3070000000.0,1476930000
DOKA.SW,2023,2.96,0,1216200000.0,1965500000.0,-481000000.0,299500000,128100000.0,1623100000.0,2250000000.0,2837100000
DOKA.SW,2022,2.7,0,1150700000.0,1946500000.0,-484600000.0,323000000,136800000.0,1611900000.0,1520000000.0,2848800000
DOKA.SW,2021,2.83,0,1210400000.0,2071900000.0,-481800000.0,337100000,239000000.0,1711300000.0,2750000000.0,2756900000
DOKA.SW,2020,3.01,0,1146100000.0,1869800000.0,-571900000.0,351600000,78800000.0,1604900000.0,2360000000.0,2499700000
DESN.SW,2023,9.16,0,435515000.0,1192141000.0,623830000.0,114047000,20638000.0,306384000.0,3810000000.0,326270000
DESN.SW,2022,10.93,0,464198000.0,1054097000.0,543204000.0,116646000,20572000.0,251129000.0,3800000000.0,319452000
DAE.SW,2024,5.04,0,551000000.0,1150200000.0,1134300000.0,143500000,80500000.0,781700000.0,2530000000.0,1107700000
DAE.SW,2023,6.08,0,574700000.0,1200800000.0,1157800000.0,187200000,80200000.0,814600000.0,3940000000.0,1151500000
DAE.SW,2022,4.41,0,603900000.0,1299000000.0,308800000.0,222100000,75100000.0,895400000.0,3380000000.0,1150600000
DAE.SW,2021,16.97,0,630500000.0,1261000000.0,831200000.0,205600000,66000000.0,312700000.0,7470000000.0,947600000
EFGN.SW,2024,0.33,0,8007300000.0,40599500000.0,-34600000.0,0,89300000.0,38221300000.0,4390000000.0,1498800000
EFGN.SW,2023,0.26,0,4262400000.0,38585900000.0,-164900000.0,411800000,78600000.0,36368800000.0,3910000000.0,1430800000
EFGN.SW,2022,0.46,0,14443200000.0,43538100000.0,-314300000.0,0,82700000.0,41472800000.0,2950000000.0,1755700000
EFGN.SW,2021,0.42,0,12746900000.0,42143000000.0,-407200000.0,0,82300000.0,39851500000.0,2310000000.0,1634900000
LLY.SW,2024,8.43,0,32739700000.0,78714900000.0,13545000000.0,15227600000,1766600000.0,64443300000.0,704310000000.0,45042700000
LLY.SW,2023,7.85,0,25727000000.0,64006300000.0,10312300000.0,8567800000,1527300000.0,53142600000.0,553360000000.0,34124100000
LLY.SW,2022,7.26,0,18034500000.0,49489800000.0,10042600000.0,10175800000,1522500000.0,38714400000.0,347610000000.0,28541400000
LLY.SW,2021,5.85,0,18452400000.0,48806000000.0,8958500000.0,9820300000,1547600000.0,39651200000.0,264220000000.0,28318400000
EMMN.SW,2024,4.32,0,1552529000.0,3359527000.0,2393282000.0,428443000,125730000.0,2229726000.0,4380000000.0,4348812000
EMMN.SW,2023,5.9,0,1450390000.0,2714507000.0,1378989000.0,371780000,114686000.0,1299623000.0,5790000000.0,4242407000
EMMN.SW,2022,5.2,0,1357422000.0,2635439000.0,1239193000.0,358509000,111273000.0,1351533000.0,4520000000.0,4230009000
EMMN.SW,2021,6.16,0,1273843000.0,2471387000.0,1144526000.0,390717000,108756000.0,1289711000.0,6300000000.0,3911861000
EMSN.SW,2023,32.25,0,1375414000.0,2167152000.0,1922366000.0,542358000,49625000.0,398565000.0,18920000000.0,2188967000
EMSN.SW,2022,24.04,0,1570591000.0,2316000000.0,1935581000.0,658402000,50424000.0,471611000.0,15830000000.0,2441909000
EMSN.SW,2021,35.45,0,1622809000.0,2324676000.0,1893839000.0,698028000,55436000.0,496349000.0,26130000000.0,2253846000
EMSN.SW,2020,33.59,0,1399459000.0,2077534999.0,1706320000.0,566195000,54320000.0,453285000.0,22630000000.0,1802348000
FTON.SW,2023,2.61,0,302082000.0,807839000.0,241015000.0,83069000,54163000.0,319688000.0,310000000.0,847705000
FTON.SW,2022,2.38,0,350013000.0,914966000.0,250339000.0,80194000,57333000.0,374455000.0,320000000.0,860973000
FTON.SW,2021,2.46,0,253053000.0,684397000.0,220348000.0,86213000,51103000.0,346030000.0,310000000.0,588058000
FTON.SW,2020,2.01,0,231865000.0,677051000.0,182720000.0,53207000,50254000.0,383166000.0,310000000.0,491965000
FHZN.SW,2023,3.07,0,962600000.0,5105900000.0,2464900000.0,679500000,286800000.0,2302300000.0,6400000000.0,1236300000
FHZN.SW,2022,2.35,0,1095400000.0,5217800000.0,2283100000.0,536300000,268500000.0,2538700000.0,4750000000.0,1023500000
FHZN.SW,2021,2.2,0,838100000.0,5004300000.0,2012400000.0,295400000,257399999.0,2593000000.0,5510000000.0,680000000
FHZN.SW,2020,1.97,0,831647000.0,5138333000.0,1930142000.0,189100000,247814000.0,2801531000.0,5430000000.0,623974000
FORN.SW,2024,5.76,0,568300000.0,975800000.0,1024600000.0,169100000,45800000.0,349800000.0,1180000000.0,1122000000
FORN.SW,2023,5.53,0,523200000.0,901400000.0,0.0,185700000,50100000.0,347700000.0,1760000000.0,1175200000
FORN.SW,2022,4.86,0,571600000.0,972500000.0,0.0,194300000,60800000.0,422400000.0,1670000000.0,1293200000
FORN.SW,2021,6.18,0,553600000.0,994100000.0,0.0,223700000,56700000.0,472300000.0,2910000000.0,1254000000
GALE.SW,2023,4.28,0,1033589999.0,2990952000.0,1478235000.0,306920000,103000000.0,1515756000.0,4300000000.0,3746011000
GALE.SW,2022,4.56,0,976718000.0,2663679000.0,1248397000.0,290458000,99572000.0,1414218000.0,4050000000.0,4014348000
GALE.SW,2021,4.44,0,963496000.0,2615712000.0,1237049000.0,300335000,98408000.0,1382035000.0,3720000000.0,3834679000
GALE.SW,2020,4.58,0,812064000.0,2258938000.0,1062098999.0,302781000,93421000.0,1205583000.0,3310000000.0,3479753000
GEBN.SW,2023,7.69,0,1026800000.0,3556200000.0,0.0,919700000,152400000.0,2236100000.0,21470000000.0,3083900000
GEBN.SW,2022,7.07,0,882300000.0,3429200000.0,0.0,906600000,153600000.0,1932200000.0,16260000000.0,3391900000
GEBN.SW,2021,11.9,0,1140200000.0,3772200000.0,0.0,1065700000,167700000.0,1784500000.0,29250000000.0,3460500000
GEBN.SW,2020,9.16,0,1075600000.0,3751000000.0,0.0,920600000,153800000.0,1829000000.0,22390000000.0,2986100000
GF.SW,2023,2.97,0,2530000000.0,4119000000.0,322000000.0,467000000,122000000.0,4097000000.0,5940000000.0,4026000000
GF.SW,2022,4.36,0,2489000000.0,3732000000.0,1837000000.0,513000000,115000000.0,2076000000.0,5000000000.0,3998000000
GF.SW,2021,4.21,0,2459000000.0,3808000000.0,1648000000.0,414000000,129000000.0,2312000000.0,6200000000.0,3722000000
GF.SW,2020,3.92,0,2142000000.0,3500000000.0,1535000000.0,302000000,128000000.0,2111000000.0,5290000000.0,3184000000
GIVN.SW,2024,5.48,0,4211000000.0,12099000000.0,6968000000.0,1793000000,359000000.0,7521000000.0,40720000000.0,7412000000
GIVN.SW,2023,5.4,0,3615000000.0,11128000000.0,6730000000.0,1454000000,356000000.0,7130000000.0,38200000000.0,6915000000
GIVN.SW,2022,4.43,0,3707000000.0,11509000000.0,6614000000.0,1376000000,364000000.0,7272000000.0,28260000000.0,7117000000
GIVN.SW,2021,5.9,0,3407000000.0,11434000000.0,6365000000.0,1443000000,391000000.0,7493000000.0,48360000000.0,6684000000
GLKBN.SW,2023,0.43,0,2801122000.0,8792550000.0,26015000.0,36316000,5453000.0,8365304000.0,360000000.0,96724000
GLKBN.SW,2022,0.22,0,1174255000.0,8585349000.0,25301000.0,35063000,5742000.0,8170257000.0,360000000.0,94227000
GLKBN.SW,2021,0.26,0,1311686000.0,7760899000.0,24469000.0,29212000,5868000.0,7357848000.0,400000000.0,85056000
GLKBN.SW,2020,0.25,0,1075653000.0,7049275000.0,25937000.0,30419000,4224000.0,6692876000.0,380000000.0,84454000
GT.SW,2024,1.88,0,7632000000.0,20964000000.0,5156000000.0,1726000000,1049000000.0,16058000000.0,2520000000.0,18878000000
GT.SW,2023,1.81,0,7650000000.0,21582000000.0,5086000000.0,856000000,1001000000.0,16745000000.0,4060000000.0,20066000000
GT.SW,2022,1.98,0,8665000000.0,22431000000.0,5775000000.0,1814000000,964000000.0,16965000000.0,2870000000.0,20805000000
GT.SW,2021,1.95,0,7331000000.0,21402000000.0,5573000000.0,1783000000,883000000.0,16218000000.0,5990000000.0,17478000000
GRKP.SW,2023,0.36,0,6313598000.0,32769099000.0,1383600000.0,268781000,31958000.0,29828227000.0,1500000000.0,500995000
GRKP.SW,2022,0.4,0,7796329000.0,33253232000.0,1271969000.0,240180000,27614000.0,30384238000.0,1360000000.0,478191000
GRKP.SW,2021,0.44,0,8957820000.0,32788597000.0,1192393000.0,234351000,21696000.0,29974384000.0,1250000000.0,438722000
GRKP.SW,2020,0.42,0,8216038000.0,31419610000.0,1101216000.0,206311000,20708000.0,28664061000.0,1260000000.0,400185000
GURN.SW,2024,3.83,0,196817000.0,289966000.0,304316000.0,1920000,14723000.0,229592000.0,78680000.0,431693000
GURN.SW,2023,5.78,0,169733000.0,278071000.0,334546000.0,31748000,14540000.0,199373000.0,500000000.0,459852000
GURN.SW,2022,4.78,0,239098000.0,363543000.0,326164000.0,35780000,15297000.0,250874000.0,490000000.0,499454000
GURN.SW,2021,5.96,0,212955000.0,331963000.0,149849000.0,35474000,13212000.0,161681000.0,790000000.0,467930000
HBMN.SW,2023,10.11,0,10287000.0,1806568000.0,1493390000.0,-2462000,-3840000.0,102703000.0,1530000000.0,2982000
HBMN.SW,2022,6.76,0,5748000.0,1924047000.0,1494473000.0,-146085000,-2416000.0,151359000.0,1510000000.0,-144897000
HBMN.SW,2021,11.18,0,5408000.0,2137455000.0,1640791000.0,-75314000,1531000.0,150965000.0,2580000000.0,-76500000
HBMN.SW,2020,15.54,0,6050000.0,2261880000.0,1718822000.0,758743000,10037000.0,110395000.0,2400000000.0,766308000
HELN.SW,2023,0.37,0,1892900000.0,61488500000.0,3513700000.0,653800000,146100000.0,55100200000.0,7280000000.0,9226900000
HELN.SW,2022,0.43,0,3817100000.0,59992100000.0,3545600000.0,720700000,150500000.0,56214800000.0,6160000000.0,10142600000
HELN.SW,2021,0.43,0,5362100000.0,70011000000.0,3369700000.0,1002100000,185900000.0,63596500000.0,6210000000.0,12307800000
HELN.SW,2020,0.36,0,4633700000.0,70311100000.0,3097200000.0,513400000,116800000.0,63910800000.0,5590000000.0,10431900000
HIAG.SW,2023,1.5,0,109394000.0,2004276000.0,925018000.0,71699000,550000.0,923137000.0,950000000.0,111184000
HIAG.SW,2022,1.34,0,32924000.0,1999363000.0,884544000.0,50841000,521000.0,937081000.0,890000000.0,97013000
HIAG.SW,2021,1.46,0,87350000.0,1903643000.0,798588000.0,51622000,499000.0,914644000.0,1040000000.0,90319000
HIAG.SW,2020,1.41,0,19706000.0,1691378000.0,717953000.0,42321000,396000.0,930256000.0,1040000000.0,86803000
HOLN.SW,2024,2.25,0,12187000000.0,54285000000.0,0.0,6827000000,2219000000.0,26330000000.0,53240000000.0,26407000000
HOLN.SW,2023,2.89,0,12842000000.0,52686000000.0,28825000000.0,6454000000,1977000000.0,25903000000.0,44810000000.0,27009000000
HOLN.SW,2022,2.47,0,16784000000.0,57603000000.0,27339000000.0,6982000000,2160000000.0,27989000000.0,31470000000.0,29189000000
HOLN.SW,2021,2.12,0,13696000000.0,59885000000.0,23883000000.0,6041000000,2320000000.0,29412000000.0,31130000000.0,26834000000
HUBN.SW,2023,8.78,0,483950000.0,777026000.0,711822000.0,107607000,32939999.0,167397000.0,1490000000.0,851062000
HUBN.SW,2022,8.59,0,540164000.0,814983000.0,686647000.0,132791000,32112000.0,208331000.0,1750000000.0,954564000
HUBN.SW,2021,9.13,0,565951000.0,833528000.0,646240000.0,136603000,33069000.0,189778000.0,1830000000.0,862947000
HUBN.SW,2020,9.39,0,491309000.0,740317000.0,585242000.0,90617000,28148000.0,148689000.0,1540000000.0,737897000
HBLN.SW,2023,0.42,0,2088668000.0,6893805000.0,21836000.0,6915000,6915000.0,6361827000.0,350000000.0,109221000
HBLN.SW,2022,0.27,0,1191724000.0,6657510000.0,19367000.0,26087000,4449000.0,6138037000.0,310000000.0,94953000
HBLN.SW,2021,0.3,0,1280487000.0,6448314000.0,19019000.0,35808000,14088000.0,5939241000.0,330000000.0,95694000
HBLN.SW,2020,0.27,0,967829000.0,5923081000.0,18689000.0,33518000,12676000.0,5424640000.0,340000000.0,91865000
IDIA.SW,2023,-9.46,0,276284000.0,499996000.0,-3143019000.0,-254551000,19034000.0,1468714000.0,440000000.0,152386000
IDIA.SW,2022,-5.45,0,596438000.0,904180000.0,-2845098000.0,-783088000,19829000.0,1565138000.0,2570000000.0,97102000
IDIA.SW,2021,-0.76,0,1077462000.0,1482958000.0,-1982079000.0,-588835000,18033000.0,1378754000.0,3600000000.0,35349000
IDIA.SW,2020,1.99,0,1034627000.0,1435365000.0,-1347484000.0,-420637000,18925000.0,849882000.0,4810000000.0,71758000
IMPN.SW,2023,2.5,0,1730087000.0,2905541000.0,517203000.0,217889000,103784000.0,2329766000.0,660000000.0,3595909000
IMPN.SW,2022,2.48,0,1834590000.0,2753426000.0,104751000.0,202219000,94212000.0,2270756000.0,760000000.0,3563266000
IMPN.SW,2021,2.31,0,2082698000.0,2987836000.0,61157000.0,198578000,109959000.0,2641918000.0,410000000.0,3764670000
IMPN.SW,2020,2.02,0,1950832000.0,2943211000.0,-134702000.0,-54041000,101945000.0,2640184000.0,500000000.0,3988946000
IFCN.SW,2023,15.62,0,367775000.0,519491000.0,341481000.0,150603000,15403000.0,179505000.0,3500000000.0,673713000
IFCN.SW,2022,12.35,0,293279000.0,429410000.0,283624000.0,124890000,14529000.0,151964000.0,2130000000.0,581297000
IFCN.SW,2021,23.18,0,253202000.0,365155000.0,251360000.0,116501000,12410000.0,112569000.0,3570000000.0,515777000
IFCN.SW,2020,20.08,0,209892000.0,305182000.0,215196000.0,78379000,12576000.0,82296000.0,2230000000.0,397801000
INRN.SW,2023,15.5,0,333040000.0,544027000.0,593363000.0,106639000,22443000.0,133215000.0,2600000000.0,556338000
INRN.SW,2022,11.99,0,324638000.0,549648000.0,553943000.0,129343000,24127000.0,155455000.0,2080000000.0,664409000
INRN.SW,2021,14.69,0,316177000.0,546958000.0,494473000.0,122691000,23142000.0,201530000.0,3680000000.0,640063000
INRN.SW,2020,12.92,0,270695000.0,476213000.0,432837000.0,114259000,21340000.0,164223000.0,2520000000.0,530629000
ISN.SW,2023,2.75,0,27382000.0,1399987000.0,877191000.0,93303000,127000.0,532673000.0,1340000000.0,168106000
ISN.SW,2022,2.74,0,52729000.0,1456339000.0,886862000.0,193363000,131000.0,577534000.0,1200000000.0,233643000
ISN.SW,2021,2.54,0,31701000.0,1426731000.0,788779000.0,162942000,136000.0,616995000.0,1270000000.0,186577000
ISN.SW,2020,2.23,0,33470999.0,1378320000.0,692042000.0,94394000,142000.0,667688000.0,1320000000.0,117758000
IREN.SW,2023,2.69,0,40218000.0,1613696000.0,1036789000.0,50062000,4083000.0,580346000.0,1470000000.0,231530000
IREN.SW,2022,2.8,0,46010000.0,1597358000.0,1068314000.0,53524000,3697000.0,527683999.0,1390000000.0,227548000
IREN.SW,2021,1.99,0,51841000.0,1820537000.0,949311000.0,53674000,3769000.0,852559000.0,1450000000.0,215997000
IREN.SW,2020,2.03,0,52524000.0,1555986000.0,788064000.0,45522000,2707000.0,734034000.0,1310000000.0,178689000
VBSN.SW,2023,8.03,0,147731000.0,188873000.0,139336000.0,23367000,5522000.0,37497000.0,310000000.0,147953000
VBSN.SW,2022,7.99,0,131537000.0,180321000.0,131633000.0,16149000,6111000.0,36648000.0,310000000.0,150649000
VBSN.SW,2021,8.02,0,120726000.0,173186000.0,124968000.0,7271000,5537000.0,36178000.0,320000000.0,144067000
VBSN.SW,2020,10.34,0,129288000.0,181088000.0,127159000.0,25386000,4219000.0,41889000.0,500000000.0,172919000
BAER.SW,2023,0.43,0,16220300000.0,96786300000.0,7106100000.0,749800000,244800000.0,90623100000.0,11450000000.0,3239500000
BAER.SW,2022,0.58,0,32497200000.0,105643700000.0,7536000000.0,0,279500000.0,99354000000.0,12150000000.0,4522700000
BAER.SW,2021,0.61,0,39960700000.0,116305800000.0,7615800000.0,0,237100000.0,109562400000.0,14270000000.0,4267899999
BAER.SW,2020,0.54,0,32543200000.0,109137000000.0,6931900000.0,0,410700000.0,102702800000.0,12430000000.0,4059800000
JFN.SW,2023,4.76,0,109676000.0,891884000.0,687249000.0,140521000,39766000.0,231312000.0,1100000000.0,278068000
JFN.SW,2022,3.7,0,79853000.0,843006000.0,629094000.0,49811000,42302000.0,202637000.0,780000000.0,169030000
JFN.SW,2021,3.48,0,42790000.0,818810000.0,585520000.0,40574999,39606000.0,222221000.0,850000000.0,97041000
JFN.SW,2020,3.58,0,46068000.0,818681000.0,585982000.0,22574000,33450000.0,221709000.0,900000000.0,94900000
KARN.SW,2023,10.61,0,294700000.0,422200000.0,251100000.0,100700000,13400000.0,182100000.0,2000000000.0,702900000
KARN.SW,2022,8.44,0,257899999.0,364100000.0,211000000.0,63700000,9600000.0,159500000.0,1260000000.0,565600000
KARN.SW,2021,14.13,0,228500000.0,337800000.0,205000000.0,65200000,6600000.0,143900000.0,2530000000.0,455500000
KARN.SW,2020,13.64,0,212500000.0,277300000.0,144800000.0,62100000,7100000.0,103000000.0,1690000000.0,412900000
KLIN.SW,2023,3.21,0,220396000.0,296124000.0,77228000.0,29525000,5140000.0,155372000.0,170000000.0,303497000
KLIN.SW,2022,3.07,0,208415000.0,284444000.0,61922000.0,27005000,4323000.0,157835000.0,140000000.0,310461000
KLIN.SW,2021,2.1,0,214413000.0,273562000.0,40954000.0,-14485000,4563000.0,168839000.0,170000000.0,158608000
KLIN.SW,2020,3.1,0,153886000.0,216941000.0,62774000.0,-7650000,5002000.0,96414000.0,210000000.0,158719000
KOMN.SW,2023,4.56,0,448028000.0,708917000.0,59264000.0,93174000,20178000.0,318321000.0,1220000000.0,745134000
KOMN.SW,2022,4.3,0,522881999.0,788878000.0,99333000.0,85046000,17207000.0,372289000.0,1420000000.0,599170000
KOMN.SW,2021,5.04,0,313895000.0,517142000.0,263803999.0,57904000,15549000.0,252238000.0,1060000000.0,415921000
KOMN.SW,2020,4.23,0,253219000.0,454412000.0,232130000.0,22050000,15086000.0,217926000.0,760000000.0,321741000
KURN.SW,2023,5.59,0,27194000.0,71464000.0,-42151000.0,-10409000,2752000.0,14752000.0,150000000.0,33564000
KURN.SW,2022,0.72,0,31393000.0,82946000.0,-116253000.0,-8840000,2834000.0,14086000.0,58150000.0,17986000
KURN.SW,2021,1.62,0,32892000.0,91336000.0,-101166000.0,-5291000,2880000.0,14360000.0,69090000.0,13815000
KURN.SW,2020,3.32,0,33968000.0,94364000.0,-93152000.0,-8577000,2669000.0,9763000.0,75140000.0,4039000
KNIN.SW,2024,5.76,0,6210000000.0,11725000000.0,5100000000.0,2499000000,824000000.0,8460000000.0,27210000000.0,24802000000
KNIN.SW,2023,7.25,0,6317000000.0,10971000000.0,4954000000.0,2751000000,775000000.0,7812000000.0,41190000000.0,23849000000
KNIN.SW,2022,6.4,0,9958000000.0,14751000000.0,5154000000.0,4591000000,769000000.0,10604000000.0,27820000000.0,39398000000
KNIN.SW,2021,6.1,0,9681000000.0,14650000000.0,3883000000.0,3691000000,733000000.0,11439000000.0,38770000000.0,32801000000
LAND.SW,2023,3.3,0,811581000.0,2444392000.0,285858000.0,214145000,72679000.0,892876000.0,2600000000.0,1963005000
LAND.SW,2022,2.65,0,820107000.0,2424222000.0,176105000.0,143869000,82182000.0,895028000.0,2030000000.0,1681386000
LAND.SW,2021,2.37,0,611248000.0,2288017000.0,-31829000.0,163838000,81500000.0,890461000.0,1940000000.0,1463961000
LAND.SW,2020,2.07,0,598873000.0,2159419000.0,-111232000.0,-278225000,82861000.0,783669000.0,2260000000.0,1357448000
LECN.SW,2023,-1.24,0,42266000.0,106054000.0,-112741000.0,-46203000,7235000.0,160805000.0,340000000.0,17199000
LECN.SW,2022,-2.58,0,31213000.0,90824000.0,-132366999.0,-51496000,6939000.0,148249000.0,240000000.0,17967000
LECN.SW,2021,-2.53,0,31946000.0,89680000.0,-112824000.0,-62424000,6528000.0,116542000.0,220000000.0,18926000
LECN.SW,2020,-2.03,0,31501000.0,73234000.0,-93884000.0,-61834000,7403000.0,95646000.0,330000000.0,21635000
LEHN.SW,2023,13.27,0,171751000.0,344325000.0,179272000.0,93645000,15750000.0,167648000.0,2800000000.0,405777000
LEHN.SW,2022,11.83,0,173638000.0,332484000.0,171183000.0,106980000,14592000.0,158851000.0,2210000000.0,406350000
LEHN.SW,2021,16.55,0,153486000.0,306138000.0,151903000.0,103349000,15149000.0,144941000.0,3160000000.0,373395000
LEHN.SW,2020,13.1,0,141818000.0,266421000.0,123303000.0,73446000,13746000.0,134522000.0,2230000000.0,300966000
LEON.SW,2024,1.32,0,10566842000.0,10667271000.0,665888000.0,52165000,36022000.0,9863441000.0,380000000.0,214469000
LEON.SW,2023,1.38,0,9147406000.0,9256049000.0,680999000.0,64297000,35302000.0,8475916000.0,730000000.0,256882000
LEON.SW,2022,0.3,0,882423000.0,12325666000.0,690796000.0,232019000,33496000.0,11455631000.0,860000000.0,466747000
LEON.SW,2021,0.23,0,554578000.0,14438061000.0,557886000.0,214736000,32856000.0,13635968000.0,1390000000.0,428735000
LOGN.SW,2023,10.53,0,2631340000.0,3604704000.0,3602519000.0,681972000,84746000.0,1371051000.0,14900000000.0,4298467000
LOGN.SW,2022,8.49,0,2605174000.0,3560753000.0,3177575000.0,598948000,100716000.0,1303193000.0,10060000000.0,4538818000
LOGN.SW,2021,9.08,0,3072922000.0,4035405000.0,2975681000.0,902841000,118540000.0,1636667000.0,14000000000.0,5481101000
LOGN.SW,2020,9.25,0,3159318000.0,4142378000.0,2490578000.0,1236168000,82570000.0,1880589000.0,16630000000.0,5252279000
LONN.SW,2024,3.98,0,5440000000.0,19733000000.0,9491000000.0,1029000000,135000000.0,10345000000.0,43000000000.0,6574000000
LONN.SW,2023,4.27,0,4902000000.0,16848000000.0,9486000000.0,1532000000,621000000.0,7336000000.0,31220000000.0,6717000000
LONN.SW,2022,4.91,0,5712000000.0,17557000000.0,9042000000.0,2115000000,596000000.0,6892000000.0,36340000000.0,6223000000
LONN.SW,2021,7.0,0,5933000000.0,16691000000.0,7975000000.0,1382000000,522000000.0,6868000000.0,61910000000.0,5409000000
LUKN.SW,2024,0.22,0,8212567000.0,59462485000.0,286642000.0,0,0.0,55417227000.0,3470000000.0,673924000
LUKN.SW,2023,0.49,0,17896530000.0,57397079000.0,2469833000.0,0,34983000.0,53541015000.0,4240000000.0,626450000
LUKN.SW,2022,0.28,0,9701647000.0,56980019000.0,226604000.0,322454000,33554000.0,53751264000.0,3790000000.0,608990000
LUKN.SW,2021,0.41,0,9497585000.0,52837354000.0,221384000.0,320736000,38055000.0,14312215000.0,3850000000.0,598117000
MCHN.SW,2023,1.23,0,149477000.0,336466000.0,-179572000.0,13593000,18101000.0,237555000.0,150000000.0,372923000
MCHN.SW,2022,1.24,0,251985000.0,443528000.0,-166801000.0,8195000,18406000.0,330273000.0,150000000.0,394050000
MCHN.SW,2021,0.84,0,216037000.0,403855000.0,-157489000.0,8535000,19785000.0,356012000.0,140000000.0,243295000
MCHN.SW,2020,0.31,0,194330000.0,399463000.0,-159797000.0,-45054000,21024000.0,332157000.0,200000000.0,187967000
MOVE.SW,2023,7.15,0,348467000.0,695871000.0,282316000.0,119644000,43133000.0,365833000.0,2980000000.0,510778000
MOVE.SW,2022,6.51,0,283661000.0,584488000.0,235718000.0,106957000,50993000.0,309833000.0,2220000000.0,437122000
MOVE.SW,2021,9.32,0,228034000.0,489266000.0,192363000.0,97815000,40039000.0,262869000.0,3100000000.0,363126000
MOVE.SW,2020,6.34,0,217698000.0,441935000.0,139409000.0,81956000,37016000.0,277218000.0,1980000000.0,302492000
MED.SW,2023,8.88,0,141419000.0,349534000.0,-30841000.0,24693000,13254000.0,94575000.0,1230000000.0,212006000
MED.SW,2022,7.94,0,137881107.0,327893790.0,-23051266.0,16241520,18111968.0,90114448.0,1050000000.0,182824418
MED.SW,2021,14.78,0,175482534.0,298179849.0,-34129045.0,26103111,16386735.0,74184510.0,1680000000.0,159880236
MED.SW,2020,6.23,0,161105422.0,282791917.0,-43836194.0,13964013,15888967.0,69755998.0,620000000.0,127645985
MEDX.SW,2024,2.05,0,261200000.0,954200000.0,498900000.0,67300000,61600000.0,507500000.0,390000000.0,483900000
MEDX.SW,2023,2.68,0,308100000.0,1006800000.0,529800000.0,71400000,55400000.0,532400000.0,920000000.0,486600000
MEDX.SW,2022,2.48,0,489000000.0,1105900000.0,540300000.0,68300000,49600000.0,601100000.0,780000000.0,477100000
MEDX.SW,2021,4.65,0,339700000.0,974400000.0,552800000.0,110600000,50900000.0,440500000.0,2030000000.0,457300000
MTG.SW,2024,4.15,0,144414000.0,317294000.0,86590000.0,41210000,14368000.0,147783000.0,340000000.0,496177000
MTG.SW,2023,4.7,0,161813000.0,333172000.0,72519000.0,48773000,14494000.0,159982000.0,490000000.0,545920000
MTG.SW,2022,3.83,0,159866000.0,389206000.0,52291000.0,51742000,14282000.0,217880000.0,510000000.0,556339000
MTG.SW,2021,2.96,0,162397000.0,360067000.0,27597000.0,35280000,14501000.0,196903000.0,230000000.0,510839000
METN.SW,2023,4.38,0,238524000.0,690660000.0,109176000.0,43729000,11311000.0,168842000.0,810000000.0,494715000
METN.SW,2022,5.29,0,285879000.0,701189000.0,107964000.0,146214000,16024000.0,182886000.0,930000000.0,645941000
METN.SW,2021,5.0,0,378859000.0,715628000.0,109395000.0,57618000,17174000.0,199438000.0,1010000000.0,661886000
METN.SW,2020,5.11,0,316712000.0,635239000.0,77738000.0,40968000,31226000.0,152345000.0,760000000.0,823541000
MBTN.SW,2023,-2.19,0,386068000.0,681216000.0,-1366283000.0,-234089000,30427000.0,489806000.0,830000000.0,135035000
MBTN.SW,2022,2.84,0,473798000.0,720442000.0,-1105066000.0,-38711000,18854000.0,291561000.0,2070000000.0,147214000
MBTN.SW,2021,0.43,0,334668000.0,492722000.0,-1032003000.0,-81180000,7981000.0,231292000.0,1180000000.0,39905000
MBTN.SW,2020,11.57,0,222964000.0,296807000.0,-928984000.0,-47340000,10774000.0,37035000.0,950000000.0,90457000
MIKN.SW,2023,3.67,0,271457000.0,374210000.0,120373000.0,43014000,8965000.0,170405000.0,300000000.0,370241000
MIKN.SW,2022,2.83,0,212186000.0,345922000.0,94892000.0,35001000,8615000.0,159900000.0,150000000.0,309442000
MIKN.SW,2021,2.74,0,164646000.0,300039000.0,72664000.0,27323000,9128000.0,134969000.0,130000000.0,289455000
MIKN.SW,2020,2.12,0,164686000.0,277126000.0,55654000.0,-11377000,10431000.0,131607000.0,100000000.0,257819000
MOZN.SW,2023,6.73,0,292970000.0,357536000.0,269343000.0,76921000,11478000.0,334154000.0,700000000.0,1013354000
MOZN.SW,2022,6.5,0,323457000.0,377408000.0,250472000.0,79581000,8900000.0,334093000.0,710000000.0,1002701000
MOZN.SW,2021,7.03,0,278760000.0,326800000.0,220415000.0,77170000,9650000.0,282458000.0,650000000.0,981537000
MOZN.SW,2020,6.6,0,308719000.0,353789000.0,181853000.0,54018000,9818000.0,330607000.0,510000000.0,1237662000
MOBN.SW,2024,1.61,0,424679000.0,3967283000.0,1675533000.0,177407000,4591000.0,2049481000.0,2340000000.0,247659000
MOBN.SW,2023,1.42,0,39353000.0,3817181000.0,1594032000.0,85159000,4714000.0,1949328000.0,2250000000.0,237036000
MOBN.SW,2022,1.33,0,24659000.0,3863448000.0,1585011000.0,136147000,5255000.0,1958678000.0,1850000000.0,270774000
MOBN.SW,2021,1.38,0,24629000.0,3777469000.0,1514558000.0,142905000,6564000.0,2123465000.0,2200000000.0,276975000
MOLN.SW,2023,2.65,0,192459000.0,198352000.0,-191755000.0,-59515000,2420000.0,21923000.0,140000000.0,7038000
MOLN.SW,2022,7.75,0,254752000.0,262258000.0,-127780000.0,117502000,2387000.0,27092000.0,230000000.0,189556000
MOLN.SW,2021,3.64,0,164191000.0,172668000.0,-250950000.0,-60662000,2565000.0,65379000.0,620000000.0,9330000
AERO.SW,2023,1.96,0,787336000.0,1935460000.0,-84834952.0,97491334,102929359.0,1001102000.0,1300000000.0,1475989829
AERO.SW,2022,1.56,0,1052997000.0,2220647000.0,-50978000.0,97629633,108102753.0,1263016000.0,960000000.0,1306134000
AERO.SW,2021,2.42,0,938547000.0,1792380000.0,-26642000.0,45111558,74728403.0,887529000.0,2130000000.0,761971971
NESN.SW,2024,3.23,0,35188000000.0,139264000000.0,66363000000.0,18662000000,3582000000.0,102571000000.0,212100000000.0,91720000000
NESN.SW,2023,4.22,0,30857000000.0,126550000000.0,68261000000.0,17804000000,3458000000.0,90163000000.0,309150000000.0,93351000000
NESN.SW,2022,4.15,0,35062000000.0,135182000000.0,74580000000.0,15952000000,3541000000.0,92390000000.0,318590000000.0,94424000000
NESN.SW,2021,4.76,0,39257000000.0,139142000000.0,81144000000.0,15063000000,3440000000.0,85415000000.0,384890000000.0,87088000000
NWRN.SW,2023,-0.36,0,19652000.0,25866000.0,-21396000.0,-11831000,201000.0,55774000.0,100000000.0,9057000
NWRN.SW,2022,-0.62,0,28493000.0,37195000.0,-22805000.0,-13323000,202000.0,51225000.0,29940000.0,6094000
NWRN.SW,2021,0.08,0,39427000.0,50486000.0,-20116000.0,-12310000,209000.0,47379000.0,31630000.0,5762000
NWRN.SW,2020,-0.13,0,37874000.0,51198000.0,-26157000.0,-17994000,219000.0,33952000.0,43520000.0,5258000
NOVN.SW,2024,3.36,0,29704000000.0,102246000000.0,0.0,20715000000,6069000000.0,58120000000.0,196700000000.0,51722000000
NOVN.SW,2023,4.2,0,30481000000.0,99945000000.0,49649000000.0,18255000000,8277000000.0,53195000000.0,207530000000.0,46660000000
NOVN.SW,2022,3.82,0,36910000000.0,117453000000.0,63540000000.0,14682000000,6705000000.0,58030000000.0,195130000000.0,51828000000
NOVN.SW,2021,4.05,0,45718000000.0,131795000000.0,70989000000.0,30914000000,5597000000.0,63973000000.0,196460000000.0,52877000000
OERL.SW,2024,1.68,0,1354000000.0,4002000000.0,779000000.0,373000000,200000000.0,2867000000.0,1260000000.0,2372000000
OERL.SW,2023,1.72,0,1486000000.0,4099000000.0,718000000.0,334000000,216000000.0,3061000000.0,1460000000.0,2693000000
OERL.SW,2022,2.06,0,1597000000.0,4090000000.0,813000000.0,393000000,218000000.0,2774000000.0,2140000000.0,2909000000
OERL.SW,2021,2.14,0,1734000000.0,4517000000.0,838000000.0,451000000,216000000.0,3048000000.0,3340000000.0,2649000000
ODHN.SW,2023,1.17,0,902743528.0,1847516031.0,-219171003.0,159981154,23668036.0,1311954296.0,330000000.0,655226389
ODHN.SW,2022,1.14,0,871061532.0,1824048880.0,-247650476.0,157078807,25412083.0,1381290240.0,320000000.0,689716328
ODHN.SW,2021,1.02,0,1081561122.0,2065208234.0,-272381871.0,105324512,24662720.0,1546419945.0,470000000.0,538501408
ODHN.SW,2020,0.84,0,924965055.0,1819411838.0,-270113897.0,44239157,25347727.0,1332701054.0,420000000.0,385696280
ORON.SW,2023,4.08,0,188697000.0,368378000.0,68062000.0,60056000,27121000.0,281866000.0,550000000.0,643094000
ORON.SW,2022,3.8,0,192173000.0,383145000.0,55560000.0,63541000,26223000.0,301564000.0,510000000.0,636691000
ORON.SW,2021,3.97,0,185337000.0,377124000.0,42210000.0,63478000,28739000.0,296849000.0,640000000.0,614109000
ORON.SW,2020,3.51,0,178408000.0,379430000.0,22388000.0,52879000,26989000.0,310917000.0,550000000.0,600313000
PGHN.SW,2023,12.5,0,3067900000.0,4804500000.0,3617500000.0,1262600000,41100000.0,2377600000.0,37380000000.0,1941500000
PGHN.SW,2022,9.51,0,2855200000.0,4576200000.0,3538300000.0,1185800000,40500000.0,2159900000.0,23030000000.0,2097000000
PGHN.SW,2021,17.12,0,3129900000.0,4832800000.0,3502200000.0,1813100000,39700000.0,1934300000.0,43560000000.0,2926900000
PGHN.SW,2020,13.53,0,2675500000.0,4032000000.0,2763900000.0,975500000,38400000.0,1757400000.0,31080000000.0,1603900000
PEP.SW,2024,4.23,0,25826000000.0,99467000000.0,72266000000.0,16680000000,3815000000.0,81296000000.0,209760000000.0,91854000000
PEP.SW,2023,4.32,0,26950000000.0,100495000000.0,70035000000.0,15754000000,3518000000.0,81858000000.0,233500000000.0,91471000000
PEP.SW,2022,4.66,0,21539000000.0,92187000000.0,67800000000.0,14924000000,3280000000.0,74914000000.0,248890000000.0,86392000000
PEP.SW,2021,4.44,0,21783000000.0,92377000000.0,65165000000.0,14899000000,3215000000.0,76226000000.0,240180000000.0,79474000000
PMI.SW,2024,4.08,0,20170000000.0,61784000000.0,32869000000.0,15749000000,1787000000.0,71654000000.0,188830000000.0,37878000000
PMI.SW,2023,3.41,0,19755000000.0,65304000000.0,34090000000.0,13374000000,1398000000.0,74750000000.0,146050000000.0,35174000000
PMI.SW,2022,3.73,0,19619000000.0,61681000000.0,34289000000.0,13621000000,1077000000.0,67992000000.0,156890000000.0,31762000000
PMI.SW,2021,5.23,0,17717000000.0,41290000000.0,33082000000.0,14074000000,998000000.0,49498000000.0,147890000000.0,31405000000
PMN.SW,2023,4.03,0,422492000.0,601412000.0,276806000.0,82171000,23240000.0,316698000.0,490000000.0,775491000
PMN.SW,2022,3.7,0,402006000.0,587453000.0,247190000.0,82451000,23930000.0,326166000.0,340000000.0,784442000
PMN.SW,2021,3.62,0,450514000.0,616997000.0,225452000.0,68012000,22298000.0,372752000.0,420000000.0,809590000
PMN.SW,2020,3.6,0,393345000.0,544966000.0,198999000.0,42115000,22440000.0,352619000.0,500000000.0,682126000
PLAN.SW,2024,2.17,0,38230000.0,1149041000.0,625219000.0,62048000,52000.0,403114000.0,780000000.0,33420000
PLAN.SW,2023,2.33,0,3267000.0,1019888000.0,591083000.0,21207000,23000.0,308097000.0,730000000.0,28922000
PLAN.SW,2022,2.65,0,1975000.0,953518000.0,587303000.0,20413000,30000.0,245507000.0,690000000.0,28429000
PLAN.SW,2021,3.4,0,2626000.0,890761000.0,578189000.0,20595000,61000.0,191864000.0,760000000.0,27126000
PPGN.SW,2023,2.44,0,326602000.0,689088000.0,165139000.0,-22151000,30469000.0,307863000.0,680000000.0,320372000
PPGN.SW,2022,5.09,0,251570000.0,575782000.0,214146000.0,35721000,26063000.0,154105000.0,900000000.0,280978000
PPGN.SW,2021,19.03,0,331606000.0,595038000.0,196027000.0,83354000,20683000.0,173865000.0,4950000000.0,282126000
PEHN.SW,2023,3.7,0,143000.0,449106000.0,379411000.0,-82000,-22485000.0,54807000.0,210000000.0,23867000
PEHN.SW,2022,3.72,0,126000.0,425222000.0,361791000.0,0,-332000.0,45122000.0,190000000.0,-181000
PEHN.SW,2021,6.3,0,377000.0,424253000.0,365973000.0,-1805000,-87680000.0,36929000.0,260000000.0,85861000
PEHN.SW,2020,3.74,0,330000.0,368662000.0,283960000.0,881000,-82713000.0,60593000.0,170000000.0,83494000
PSPN.SW,2024,1.77,0,113587000.0,9923841000.0,4897970000.0,488966000,939000.0,4513121000.0,6540000000.0,368137000
PSPN.SW,2023,1.68,0,197331000.0,9786900000.0,4699612000.0,298592000,1191000.0,4566178000.0,6400000000.0,372815000
PSPN.SW,2022,1.53,0,66027000.0,9483866000.0,4666315000.0,292185000,178690000.0,4285488000.0,5380000000.0,409688000
PSPN.SW,2021,1.62,0,128786000.0,9182479000.0,4508360000.0,287165000,141533000.0,4163392000.0,5700000000.0,384775000
RIEN.SW,2023,2.86,0,641500000.0,1310000000.0,581900000.0,162400000,58700000.0,933300001.0,480000000.0,1418600000
RIEN.SW,2022,2.42,0,843900000.0,1540900000.0,516800000.0,76900000,52600000.0,1180900000.0,510000000.0,1510900000
RIEN.SW,2021,2.38,0,718900000.0,1436300000.0,515200000.0,82000000,37200000.0,1040200000.0,870000000.0,969200000
RIEN.SW,2020,2.16,0,555700000.0,963500000.0,473200000.0,-45800000,36400000.0,612600000.0,480000000.0,573000000
SDZ.SW,2024,1.95,0,7801000000.0,19907000000.0,0.0,742000000,502000000.0,11743000000.0,18070000000.0,10384000000
SDZ.SW,2023,2.22,0,6372973800.0,19430000000.0,6782099865.0,857000000,525000000.0,10776000000.0,13820000000.0,9979000000
SANN.SW,2023,-2.13,0,34657000.0,109629000.0,-572719000.0,79174000,3044000.0,49686000.0,130000000.0,103414000
SANN.SW,2022,-15.77,0,3065000.0,63726000.0,-627501000.0,-46779000,3648000.0,107412000.0,81520000.0,7473000
SANN.SW,2021,-9.15,0,24641000.0,91117000.0,-556425000.0,-34570000,3724000.0,89789000.0,72180000.0,-1595000
SANN.SW,2020,-9.39,0,17723000.0,88687000.0,-500899000.0,-53428000,7137000.0,95041000.0,57570000.0,15008000
SCHN.SW,2024,5.39,0,8288000000.0,11997000000.0,5945000000.0,1646000000,330000000.0,6948000000.0,29780000000.0,11236000000
SCHN.SW,2023,5.27,0,7824000000.0,11308000000.0,5608000000.0,1579000000,349000000.0,6600000000.0,26030000000.0,11494000000
SCHN.SW,2022,4.27,0,8109000000.0,11808000000.0,5182000000.0,1267000000,344000000.0,7363000000.0,19750000000.0,11346000000
SCHN.SW,2021,4.96,0,8277000000.0,11974000000.0,5028000000.0,1488000000,339000000.0,7544000000.0,28800000000.0,11236000000
SWTQ.SW,2024,3.79,0,478900000.0,1069900000.0,830200000.0,77100000,49100000.0,349800000.0,660000000.0,1011300000
SWTQ.SW,2023,4.39,0,467900000.0,1042700000.0,845900000.0,79000000,39400000.0,336300000.0,880000000.0,1069599999
SWTQ.SW,2022,4.79,0,503800000.0,1098900000.0,847000000.0,78700000,40000000.0,346100000.0,1130000000.0,1197700000
SWTQ.SW,2021,6.28,0,557900000.0,1158800000.0,844200000.0,149800000,40200000.0,382200000.0,2110000000.0,1226900000
SNBN.SW,2023,0.03,0,79170400000.0,794644100000.0,-42688100000.0,-3154100000,36200000.0,732060200000.0,510000000.0,-2765500000
SNBN.SW,2022,-0.65,0,148308500000.0,881376800000.0,-132479500000.0,-132445600000,38900000.0,98168800000.0,510000000.0,-132086500000
SNBN.SW,2021,0.35,0,187079700000.0,1056776200000.0,26300000000.0,26322500000,37700000.0,852527100000.0,570000000.0,26666700000
SNBN.SW,2020,0.29,0,137787200000.0,999027900000.0,20869600000.0,20915900000,38500000.0,815077300000.0,530000000.0,21257300000
SCR.SW,2023,1.42,0,20902000000.0,35477000000.0,812000000.0,1588000000,211000000.0,30754000000.0,5050000000.0,16265000000
SCR.SW,2022,0.74,0,1830000000.0,34987000000.0,-1383000000.0,-1416000000,100000000.0,3133000000.0,4090000000.0,3328000000
SCR.SW,2021,1.52,0,2083000000.0,51576000000.0,456000000.0,884000000,94000000.0,3056000000.0,5600000000.0,16034000000
SCR.SW,2020,1.62,0,1804000000.0,46217000000.0,234000000.0,560000000,81000000.0,3029000000.0,6030000000.0,15423000000
SENS.SW,2023,26.94,0,186466000.0,332601000.0,145265000.0,5019000,15950000.0,36862000.0,1540000000.0,233167000
SENS.SW,2022,21.31,0,227826000.0,357977000.0,151845000.0,87163000,15179000.0,53832000.0,1650000000.0,321727000
SENS.SW,2021,25.52,0,187365000.0,296421000.0,82598000.0,91486000,14368000.0,60427000.0,2270000000.0,287482000
SENS.SW,2020,10.66,0,153584000.0,269188000.0,44479000.0,64183000,15156000.0,73135000.0,1000000000.0,253659000
SFPN.SW,2023,1.48,0,78637000.0,836464000.0,262524000.0,5402000,418000.0,456497000.0,640000000.0,51870000
SFPN.SW,2022,1.47,0,16892000.0,861380000.0,262204000.0,26577000,-26373000.0,454960000.0,560000000.0,63987000
SFPN.SW,2021,1.47,0,8053000.0,793664000.0,234884000.0,21206000,162000.0,429153000.0,640000000.0,49683000
SFPN.SW,2020,1.63,0,11956000.0,704674000.0,195859000.0,28859000,165000.0,377288000.0,640000000.0,44738000
SFSN.SW,2023,5.57,0,1354700000.0,2546800000.0,1398600000.0,497800000,127400000.0,1171100000.0,4810000000.0,3106600000
SFSN.SW,2022,4.54,0,1394500000.0,2574200000.0,1190100000.0,463900000,117800000.0,1270600000.0,3670000000.0,2738700000
SFSN.SW,2021,11.36,0,1028800000.0,1839100000.0,1491500000.0,407900000,105400000.0,388700000.0,5170000000.0,1897300000
SFSN.SW,2020,9.77,0,890300000.0,1684100000.0,1322300000.0,321900000,100200000.0,405900000.0,4460000000.0,1707100000
SGSN.SW,2024,4.44,0,2846000000.0,6749000000.0,2565000000.0,1396000000,471000000.0,5872000000.0,19060000000.0,6794000000
SGSN.SW,2023,3.99,0,3129000000.0,6761000000.0,2438000000.0,1360000000,487000000.0,6233000000.0,15870000000.0,6622000000
SGSN.SW,2022,4.03,0,3235000000.0,7122000000.0,2500000000.0,1402000000,503000000.0,6359000000.0,17410000000.0,6642000000
SGSN.SW,2021,4.96,0,2954000000.0,7007000000.0,2520000000.0,1482000000,497000000.0,5805000000.0,24900000000.0,6405000000
SFZN.SW,2024,5.18,0,939375000.0,1933722000.0,836917000.0,289494000,84726000.0,953814000.0,4730000000.0,1294573000
SFZN.SW,2023,4.64,0,983164000.0,1861505000.0,666492000.0,241218000,81353000.0,1023372000.0,4330000000.0,1271494000
SFZN.SW,2022,3.88,0,944887000.0,1793200000.0,750379000.0,308296000,81948000.0,1082272000.0,2810000000.0,1229518000
SFZN.SW,2021,4.33,0,826166000.0,1669158000.0,607189000.0,213539000,83116000.0,1060941000.0,4090000000.0,1102423000
SIGN.SW,2024,1.93,0,1241500000.0,7689200000.0,753500000.0,824100000,419500000.0,4557100000.0,7540000000.0,3328500000
SIGN.SW,2023,2.09,0,1117400000.0,7532500000.0,559300000.0,851200000,412200000.0,4435400000.0,8780000000.0,3230300000
SIGN.SW,2022,1.73,0,1411600000.0,7799100000.0,263700000.0,502200000,366700000.0,4743900000.0,8340000000.0,2779900000
SIGN.SW,2021,2.57,0,823700000.0,5494200000.0,307600000.0,565500000,306600000.0,3166000000.0,9400000000.0,2061800000
SIKA.SW,2024,4.54,0,4563300000.0,15977200000.0,5887000000.0,2304500000,555600000.0,8930400000.0,38510000000.0,11763100000
SIKA.SW,2023,5.31,0,4201300000.0,15050700000.0,4826100000.0,2076600000,485300000.0,9117500000.0,52170000000.0,11238600000
SIKA.SW,2022,5.81,0,5021300000.0,11483200000.0,4333700000.0,2000400000,384500000.0,6516100000.0,36700000000.0,10491800000
SIKA.SW,2021,7.82,0,4165500000.0,10896200000.0,4960900000.0,1793400000,366600000.0,6500300000.0,58980000000.0,9252300000
SKAN.SW,2023,8.79,0,259329000.0,373449000.0,51725000.0,50144000,12394000.0,197088000.0,2160000000.0,320020000
SKAN.SW,2022,6.13,0,293840000.0,388351000.0,36980000.0,40153000,10692000.0,222756000.0,1530000000.0,276955000
SKAN.SW,2021,10.31,0,255065000.0,331923000.0,35849000.0,32383000,7627000.0,157917000.0,2180000000.0,234265000
SWON.SW,2023,2.07,0,2861499000.0,3783891000.0,702353000.0,139388000,65943000.0,3143779000.0,3020000000.0,1011289000
SWON.SW,2022,1.93,0,2551277000.0,3449077000.0,677965000.0,49343000,58554000.0,2710081000.0,2190000000.0,1004107000
SWON.SW,2021,2.46,0,2612200000.0,3380819000.0,706204000.0,216266000,55341000.0,2523401000.0,3340000000.0,964353000
SWON.SW,2020,5.13,0,2459621000.0,3127230000.0,560797000.0,274540000,50507000.0,2350708000.0,4590000000.0,7906255000
SOON.SW,2023,5.63,0,1652400000.0,5791800000.0,3082900000.0,917900000,246200000.0,3300500000.0,19440000000.0,3626900000
SOON.SW,2022,4.86,0,1512900000.0,5552500000.0,3176500000.0,974500000,239700000.0,3321200000.0,14500000000.0,3738400000
SOON.SW,2021,6.94,0,1659700000.0,5588200000.0,3550900000.0,970800000,211100000.0,3155400000.0,24400000000.0,3363900000
SOON.SW,2020,5.24,0,2621400000.0,5925600000.0,3370300000.0,818600000,196100000.0,3153100000.0,16440000000.0,2601900000
SGKN.SW,2024,0.29,0,8654135000.0,45581774000.0,215084000.0,0,0.0,42575835000.0,2890000000.0,564808000
SGKN.SW,2023,0.36,0,6700327000.0,41336590000.0,2344803000.0,254376000,11519000.0,38433864000.0,3490000000.0,567444000
SGKN.SW,2022,0.39,0,7767123000.0,40823945000.0,2194388000.0,230416000,13702000.0,38053093000.0,3110000000.0,609460000
SGKN.SW,2021,0.4,0,8033048000.0,39581051000.0,2112418999.0,230612000,15573000.0,36897018000.0,2840000000.0,581985000
SRAIL.SW,2023,2.45,0,3609438000.0,5008576000.0,752900000.0,320138000,111883000.0,4189316000.0,3590000000.0,3608436000
SRAIL.SW,2022,2.64,0,3117503000.0,4395486000.0,735808000.0,254059000,103854000.0,3616392000.0,3540000000.0,3750517000
SRAIL.SW,2021,2.8,0,3397711000.0,4598693000.0,839574000.0,324436000,99395000.0,3718429000.0,4360000000.0,3634678000
SRAIL.SW,2020,2.71,0,3359275000.0,4510918000.0,819650000.0,270753000,95820000.0,3650579000.0,4580000000.0,3084948000
STGN.SW,2023,3.06,0,405486000.0,547186000.0,150852000.0,42254000,7805000.0,230876000.0,320000000.0,409000000
STGN.SW,2022,3.16,0,253867000.0,333914000.0,104166000.0,27229000,7728000.0,161434000.0,180000000.0,317592000
STGN.SW,2021,2.96,0,215574000.0,300407000.0,93389000.0,1170000,8292000.0,132149000.0,170000000.0,292605000
STGN.SW,2020,2.82,0,229002000.0,317543000.0,97736000.0,8556000,8532000.0,142049000.0,140000000.0,297051000
STMN.SW,2024,10.24,0,1522514000.0,3618997000.0,2038536000.0,726154000,144931000.0,1575205000.0,20290000000.0,2503900000
STMN.SW,2023,12.6,0,1390277000.0,3395304000.0,2312808000.0,685071000,122788000.0,1556698000.0,25670000000.0,2411819000
STMN.SW,2022,9.43,0,1593215000.0,3454267000.0,2223178000.0,685374000,162705000.0,1600422000.0,18140000000.0,2320785000
STMN.SW,2021,15.67,0,1528672000.0,3052601000.0,1843821000.0,591475000,103206000.0,1552012000.0,33720000000.0,2021903000
SUN.SW,2023,3.01,0,2683500000.0,4369500000.0,1979500000.0,440000000,108200000.0,3270900000.0,3460000000.0,3281700000
SUN.SW,2022,2.51,0,3036000000.0,4695500000.0,1777700000.0,250100000,114800000.0,3666800000.0,2630000000.0,3179900000
SUN.SW,2021,2.57,0,3176200000.0,5079500000.0,1967700000.0,334800000,131199999.0,3800200000.0,3310000000.0,3155300000
SUN.SW,2020,2.38,0,3087100000.0,5428300000.0,2083800000.0,261200000,125000000.0,4011100000.0,3570000000.0,2967800000
UHR.SW,2023,7.44,0,10502000000.0,14229000000.0,15416000000.0,1546000000,390000000.0,1971000000.0,13840000000.0,7888000000
UHR.SW,2023,7.44,0,10502000000.0,14229000000.0,15416000000.0,1546000000,390000000.0,1971000000.0,13840000000.0,7888000000
UHR.SW,2023,7.44,0,10502000000.0,14229000000.0,15416000000.0,1546000000,390000000.0,1971000000.0,13840000000.0,7888000000
UHR.SW,2023,7.44,0,10502000000.0,14229000000.0,15416000000.0,1546000000,390000000.0,1971000000.0,13840000000.0,7888000000
UHR.SW,2022,7.66,0,10393000000.0,13893000000.0,13508000000.0,1437000000,407000000.0,1842000000.0,14160000000.0,7499000000
UHR.SW,2022,7.66,0,10393000000.0,13893000000.0,13508000000.0,1437000000,407000000.0,1842000000.0,14160000000.0,7499000000
UHR.SW,2022,7.66,0,10393000000.0,13893000000.0,13508000000.0,1437000000,407000000.0,1842000000.0,14160000000.0,7499000000
UHR.SW,2022,7.66,0,10393000000.0,13893000000.0,13508000000.0,1437000000,407000000.0,1842000000.0,14160000000.0,7499000000
UHR.SW,2021,7.48,0,10107000000.0,13678000000.0,12966000000.0,1427000000,438000000.0,2073000000.0,15510000000.0,7313000000
UHR.SW,2021,7.48,0,10107000000.0,13678000000.0,12966000000.0,1427000000,438000000.0,2073000000.0,15510000000.0,7313000000
UHR.SW,2021,7.48,0,10107000000.0,13678000000.0,12966000000.0,1427000000,438000000.0,2073000000.0,15510000000.0,7313000000
UHR.SW,2021,7.48,0,10107000000.0,13678000000.0,12966000000.0,1427000000,438000000.0,2073000000.0,15510000000.0,7313000000
UHR.SW,2020,6.98,0,9238000000.0,12897000000.0,12380000000.0,455000000,463000000.0,1932000000.0,13980000000.0,5595000000
UHR.SW,2020,6.98,0,9238000000.0,12897000000.0,12380000000.0,455000000,463000000.0,1932000000.0,13980000000.0,5595000000
UHR.SW,2020,6.98,0,9238000000.0,12897000000.0,12380000000.0,455000000,463000000.0,1932000000.0,13980000000.0,5595000000
UHR.SW,2020,6.98,0,9238000000.0,12897000000.0,12380000000.0,455000000,463000000.0,1932000000.0,13980000000.0,5595000000
SLHN.SW,2023,0.25,0,5888000000.0,213445000000.0,9499000000.0,1802000000,83000000.0,205146000000.0,19600000000.0,15237000000
SLHN.SW,2022,0.32,0,12110000000.0,217328000000.0,13555000000.0,1928000000,102000000.0,207719000000.0,15570000000.0,20358000000
SLHN.SW,2021,0.3,0,12131000000.0,240647000000.0,13190000000.0,1929000000,95000000.0,224800000000.0,18890000000.0,21520000000
SLHN.SW,2020,0.29,0,12325000000.0,237782000000.0,12810000000.0,1600000000,97000000.0,220944000000.0,14870000000.0,22417000000
SPSN.SW,2024,1.48,0,267223000.0,13841217000.0,5730645000.0,521834000,8304000.0,7163360000.0,8450000000.0,659813000
SPSN.SW,2023,1.35,0,367474000.0,13778265000.0,5507475000.0,147522000,8910000.0,7240883000.0,8190000000.0,653983000
SPSN.SW,2022,1.23,0,21201000.0,13771222000.0,5402002000.0,368124000,41625000.0,7201925000.0,6640000000.0,646583000
SPSN.SW,2021,1.32,0,114656000.0,13499336000.0,5185369000.0,387243000,23233000.0,7089654000.0,7450000000.0,749503000
SREN.SW,2023,1.3,0,88382000000.0,179576000000.0,28548000000.0,-23000000,-5017000000.0,163205000000.0,32470000000.0,49733000000
SREN.SW,2022,1.22,0,85608000000.0,170676000000.0,27279000000.0,1638000000,425000000.0,157867000000.0,27020000000.0,46043000000
SREN.SW,2021,2.14,0,4148000000.0,181567000000.0,28632000000.0,-573000000,666000000.0,10323000000.0,28540000000.0,46741000000
SREN.SW,2020,1.85,0,4697000000.0,182622000000.0,29050000000.0,115000000,617000000.0,11584000000.0,26360000000.0,43345000000
STLN.SW,2023,1.39,0,1354600000.0,1933200000.0,-1218700000.0,-127500000,80600000.0,1698800000.0,300000000.0,3244200000
STLN.SW,2023,1.39,0,1354600000.0,1933200000.0,-1218700000.0,-127500000,80600000.0,1698800000.0,300000000.0,3244200000
STLN.SW,2023,1.39,0,1354600000.0,1933200000.0,-1218700000.0,-127500000,80600000.0,1698800000.0,300000000.0,3244200000
STLN.SW,2023,1.39,0,1354600000.0,1933200000.0,-1218700000.0,-127500000,80600000.0,1698800000.0,300000000.0,3244200000
STLN.SW,2022,2.43,0,1817500000.0,2386000000.0,-916800000.0,177200000,79600000.0,1855100000.0,680000000.0,4051400000
STLN.SW,2022,2.43,0,1817500000.0,2386000000.0,-916800000.0,177200000,79600000.0,1855100000.0,680000000.0,4051400000
STLN.SW,2022,2.43,0,1817500000.0,2386000000.0,-916800000.0,177200000,79600000.0,1855100000.0,680000000.0,4051400000
STLN.SW,2022,2.43,0,1817500000.0,2386000000.0,-916800000.0,177200000,79600000.0,1855100000.0,680000000.0,4051400000
STLN.SW,2021,2.24,0,1651800000.0,2227400000.0,-994900000.0,176000000,71400000.0,1778500000.0,1140000000.0,3192800000
STLN.SW,2021,2.24,0,1651800000.0,2227400000.0,-994900000.0,176000000,71400000.0,1778500000.0,1140000000.0,3192800000
STLN.SW,2021,2.24,0,1651800000.0,2227400000.0,-994900000.0,176000000,71400000.0,1778500000.0,1140000000.0,3192800000
STLN.SW,2021,2.24,0,1651800000.0,2227400000.0,-994900000.0,176000000,71400000.0,1778500000.0,1140000000.0,3192800000
STLN.SW,2020,0.82,0,1158200000.0,1715700000.0,-1224700000.0,-104300000,173700000.0,1549600000.0,540000000.0,2288400000
STLN.SW,2020,0.82,0,1158200000.0,1715700000.0,-1224700000.0,-104300000,173700000.0,1549600000.0,540000000.0,2288400000
STLN.SW,2020,0.82,0,1158200000.0,1715700000.0,-1224700000.0,-104300000,173700000.0,1549600000.0,540000000.0,2288400000
STLN.SW,2020,0.82,0,1158200000.0,1715700000.0,-1224700000.0,-104300000,173700000.0,1549600000.0,540000000.0,2288400000
SCMN.SW,2024,1.91,0,6361000000.0,37211000000.0,14071000000.0,4463000000,2369000000.0,25056000000.0,28880000000.0,11036000000
SCMN.SW,2023,3.11,0,3718000000.0,24750000000.0,13529000000.0,4547000000,2337000000.0,13128000000.0,31140000000.0,11072000000
SCMN.SW,2022,2.92,0,3848000000.0,24620000000.0,12942000000.0,4430000000,2341000000.0,13449000000.0,28370000000.0,11112000000
SCMN.SW,2021,2.91,0,4023000000.0,24801000000.0,12485000000.0,4705000000,2403000000.0,13988000000.0,29170000000.0,11183000000
SQN.SW,2023,1.06,0,4548150659.0,9959788693.0,912368716.0,298407836,37988985.0,9061233699.0,3720000000.0,552290909
SQN.SW,2022,1.06,0,6154851588.0,10218395748.0,724825045.0,225853698,32767364.0,9477267654.0,2160000000.0,408146469
SQN.SW,2021,1.21,0,5589152222.0,9053835510.0,599311550.0,256231823,31295822.0,8438376177.0,3250000000.0,531298798
SQN.SW,2020,0.96,0,4062541475.0,7429951557.0,426796466.0,134723841,29082244.0,6989770119.0,1440000000.0,383302828
TECN.SW,2023,6.26,0,850574000.0,2073966000.0,1067616000.0,205574000,70794000.0,725056000.0,5210000000.0,1074386000
TECN.SW,2022,6.21,0,803530000.0,2160334000.0,981476000.0,210854000,67054000.0,776403000.0,5670000000.0,1144261000
TECN.SW,2021,7.45,0,671859000.0,2043884000.0,858925000.0,201216000,59044000.0,800259000.0,7700000000.0,946623000
TECN.SW,2020,11.98,0,777986000.0,1130537000.0,730553000.0,154987000,35443000.0,380475000.0,5870000000.0,730879000
TEMN.SW,2024,3.78,0,637050000.0,2276688000.0,1257984000.0,354901000,130368000.0,1637714000.0,5140000000.0,1044105000
TEMN.SW,2023,4.1,0,462920000.0,2326841000.0,1179805000.0,224194000,24817000.0,1644861000.0,6690000000.0,1000224000
TEMN.SW,2022,3.02,0,438508000.0,2231815000.0,1123258000.0,309544000,141790000.0,1678771000.0,3930000000.0,949628000
TEMN.SW,2021,5.14,0,478556000.0,2234084000.0,1080816000.0,384984000,151955000.0,1759296000.0,10050000000.0,967002000
UHR.SW,2023,7.44,0,10502000000.0,14229000000.0,15416000000.0,1546000000,390000000.0,1971000000.0,13840000000.0,7888000000
UHR.SW,2023,7.44,0,10502000000.0,14229000000.0,15416000000.0,1546000000,390000000.0,1971000000.0,13840000000.0,7888000000
UHR.SW,2023,7.44,0,10502000000.0,14229000000.0,15416000000.0,1546000000,390000000.0,1971000000.0,13840000000.0,7888000000
UHR.SW,2023,7.44,0,10502000000.0,14229000000.0,15416000000.0,1546000000,390000000.0,1971000000.0,13840000000.0,7888000000
UHR.SW,2022,7.66,0,10393000000.0,13893000000.0,13508000000.0,1437000000,407000000.0,1842000000.0,14160000000.0,7499000000
UHR.SW,2022,7.66,0,10393000000.0,13893000000.0,13508000000.0,1437000000,407000000.0,1842000000.0,14160000000.0,7499000000
UHR.SW,2022,7.66,0,10393000000.0,13893000000.0,13508000000.0,1437000000,407000000.0,1842000000.0,14160000000.0,7499000000
UHR.SW,2022,7.66,0,10393000000.0,13893000000.0,13508000000.0,1437000000,407000000.0,1842000000.0,14160000000.0,7499000000
UHR.SW,2021,7.48,0,10107000000.0,13678000000.0,12966000000.0,1427000000,438000000.0,2073000000.0,15510000000.0,7313000000
UHR.SW,2021,7.48,0,10107000000.0,13678000000.0,12966000000.0,1427000000,438000000.0,2073000000.0,15510000000.0,7313000000
UHR.SW,2021,7.48,0,10107000000.0,13678000000.0,12966000000.0,1427000000,438000000.0,2073000000.0,15510000000.0,7313000000
UHR.SW,2021,7.48,0,10107000000.0,13678000000.0,12966000000.0,1427000000,438000000.0,2073000000.0,15510000000.0,7313000000
UHR.SW,2020,6.98,0,9238000000.0,12897000000.0,12380000000.0,455000000,463000000.0,1932000000.0,13980000000.0,5595000000
UHR.SW,2020,6.98,0,9238000000.0,12897000000.0,12380000000.0,455000000,463000000.0,1932000000.0,13980000000.0,5595000000
UHR.SW,2020,6.98,0,9238000000.0,12897000000.0,12380000000.0,455000000,463000000.0,1932000000.0,13980000000.0,5595000000
UHR.SW,2020,6.98,0,9238000000.0,12897000000.0,12380000000.0,455000000,463000000.0,1932000000.0,13980000000.0,5595000000
TKBP.SW,2023,0.23,0,4977308000.0,32802993000.0,161588000.0,185552000,12466000.0,30100379000.0,560000000.0,426892000
TKBP.SW,2022,0.27,0,6189822000.0,33285750999.0,150574000.0,173285000,13441000.0,30724152000.0,510000000.0,433215000
TKBP.SW,2021,0.24,0,4910912000.0,30134367000.0,148292000.0,169879000,14142000.0,27677049000.0,460000000.0,392871000
TKBP.SW,2020,0.23,0,4491647000.0,28707406000.0,141855000.0,151392000,12875000.0,26331781000.0,470000000.0,385324000
TXGN.SW,2023,1.65,0,628800000.0,3429100000.0,0.0,221100000,140000000.0,852600000.0,1520000000.0,982500000
TXGN.SW,2022,1.94,0,748200000.0,3373400000.0,0.0,150500000,117900000.0,741000000.0,1690000000.0,922100000
TXGN.SW,2021,2.65,0,858976000.0,3763423000.0,0.0,955238000,114394000.0,783280000.0,1810000000.0,952316000
TXGN.SW,2020,1.16,0,606052000.0,2751618000.0,0.0,22593000,116479000.0,755201000.0,850000000.0,930580000
UBXN.SW,2023,5.0,0,338783000.0,593106000.0,325918000.0,35195000,45579000.0,191246000.0,840000000.0,576910000
UBXN.SW,2022,4.77,0,352353000.0,673174000.0,347522000.0,161792000,41990000.0,261176000.0,830000000.0,623852000
UBXN.SW,2021,3.64,0,201487000.0,508701000.0,234752000.0,65578000,39945000.0,206693000.0,530000000.0,414057000
UBXN.SW,2020,2.41,0,217958000.0,521890000.0,212334000.0,-45128000,26130000.0,239205000.0,460000000.0,333513000
UBSG.SW,2024,0.3,0,225524000000.0,1565028000000.0,78035000000.0,0,3368000000.0,1479455000000.0,97760000000.0,45814000000
UBSG.SW,2023,0.36,0,357415000000.0,1717246000000.0,74880000000.0,0,3750000000.0,1630607000000.0,99900000000.0,39063000000
UBSG.SW,2022,0.33,0,189260000000.0,1104364000000.0,50004000000.0,0,2061000000.0,1047146000000.0,59410000000.0,33270000000
UBSG.SW,2021,0.36,0,229967000000.0,1117182000000.0,43851000000.0,0,2118000000.0,1056180000000.0,61060000000.0,35059000000
VZUG.SW,2023,4.11,0,237839000.0,619514000.0,328278000.0,45753000,31837000.0,155582000.0,490000000.0,585424000
VZUG.SW,2022,4.98,0,255175000.0,606840000.0,316592000.0,73949000,31863000.0,153025000.0,630000000.0,636283000
VZUG.SW,2021,5.71,0,284108000.0,616108000.0,311049000.0,94654000,31114000.0,167255000.0,860000000.0,631304000
VZUG.SW,2020,4.87,0,245458000.0,554693000.0,255621000.0,79639000,29988000.0,161511000.0,640000000.0,569426000
VATN.SW,2024,0.25,0,4213800000.0,37123728000.0,1921175000.0,0,19845000.0,34446316000.0,1840000000.0,554299000
VATN.SW,2023,0.28,0,4726647000.0,36080425000.0,1865249000.0,23802000,23802000.0,33504912000.0,1790000000.0,780698000
VATN.SW,2022,0.39,0,5128954000.0,35729828000.0,1807169000.0,182878000,22358000.0,8425474000.0,1700000000.0,478235000
VATN.SW,2021,0.43,0,6347036000.0,35560329000.0,1763460000.0,169608000,22834000.0,8129389000.0,1570000000.0,433115000
VARN.SW,2023,0.31,0,57239176.0,1366868902.0,193174770.0,-133318839,-7828635.0,969616019.0,450000000.0,123988576
VARN.SW,2022,1.17,0,149094225.0,1798832751.0,362767606.0,195983505,-59078895.0,1189915750.0,500000000.0,126548336
VARN.SW,2021,1.34,0,86333938.0,1505274578.0,258352839.0,234541919,-51989187.0,990925417.0,550000000.0,107920005
VARN.SW,2020,1.15,0,116754037.0,1057296063.0,118796518.0,69973091,-46195029.0,667661387.0,450000000.0,98364527
VACN.SW,2024,15.47,0,557402000.0,1294746000.0,776771000.0,301851000,43487000.0,540869000.0,11470000000.0,942200000
VACN.SW,2023,24.66,0,465692000.0,1168456000.0,768183000.0,255985000,42327000.0,411295000.0,15010000000.0,885316000
VACN.SW,2022,13.14,0,589839000.0,1276901000.0,781069000.0,402283000,40969000.0,496581000.0,8190000000.0,1145479000
VACN.SW,2021,23.5,0,413684000.0,1069500000.0,624786000.0,306862000,43058000.0,435130000.0,14910000000.0,901159000
VETN.SW,2023,3.26,0,461500000.0,1263800000.0,730600000.0,162900000,74900000.0,513100000.0,920000000.0,898800000
VETN.SW,2022,3.19,0,552300000.0,1234500000.0,729200000.0,129800000,75300000.0,485200000.0,770000000.0,899400000
VETN.SW,2021,5.25,0,432300000.0,1047800000.0,754400000.0,161800000,84400000.0,273300000.0,1240000000.0,816500000
VETN.SW,2020,5.97,0,395300000.0,991500000.0,743500000.0,150500000,77000000.0,227900000.0,1340000000.0,662600000
VONN.SW,2024,0.42,0,5345100000.0,32860900000.0,2755500000.0,0,101500000.0,30630200000.0,3990000000.0,1419600000
VONN.SW,2023,0.5,0,5310900000.0,29146000000.0,2620000000.0,368499999,105800000.0,27053600000.0,3610000000.0,1304500000
VONN.SW,2022,0.59,0,9033100000.0,30509200000.0,2579800000.0,0,103200000.0,28490600000.0,3690000000.0,1667100000
VONN.SW,2021,0.81,0,15026200000.0,32397900000.0,2556700000.0,0,97900000.0,30329000000.0,4830000000.0,1947200000
VZN.SW,2024,1.35,0,2196209000.0,7488143000.0,1097520000.0,312929000,25166000.0,6426520000.0,6330000000.0,567541000
VZN.SW,2023,1.23,0,1801513000.0,6535708000.0,978897000.0,269344000,23092000.0,5609591000.0,4580000000.0,517357999
VZN.SW,2022,1.04,0,1564396000.0,5945986000.0,858801000.0,197899000,21641000.0,5175023000.0,3050000000.0,420692000
VZN.SW,2021,1.25,0,1986003000.0,5770792000.0,741403000.0,187810000,20342000.0,5071108000.0,4210000000.0,392002000
WKBN.SW,2023,0.38,0,3066455000.0,20109096000.0,1424106000.0,120971000,11714000.0,18540570000.0,2030000000.0,296748000
WKBN.SW,2022,0.27,0,3153561000.0,19313476000.0,72977000.0,0,10754000.0,17827083000.0,1760000000.0,277913000
WKBN.SW,2021,0.29,0,3303542151.0,18499839706.0,68499842.0,0,11999677.0,17065949997.0,1730000000.0,263220314
WKBN.SW,2020,0.3,0,3176759325.0,18067899176.0,67433611.0,0,11314763.0,16682066309.0,1870000000.0,262293430
WARN.SW,2023,0.63,0,28434000.0,1055858000.0,-32002000.0,30388000,85000.0,636058000.0,540000000.0,41265000
WARN.SW,2022,0.87,0,2506000.0,913133000.0,-2130000.0,26200000,95000.0,492021000.0,600000000.0,36606000
WARN.SW,2021,0.96,0,3570000.0,886320000.0,3007000.0,26028000,84000.0,469646000.0,640000000.0,36133000
WARN.SW,2020,1.07,0,1940000.0,845580000.0,11118000.0,25955000,59000.0,439008000.0,660000000.0,35819000
WIHN.SW,2023,-7.41,0,30091000.0,47801000.0,-280961000.0,-13268000,625000.0,26717000.0,16610000.0,30918000
WIHN.SW,2022,-6.28,0,33174999.0,49496000.0,-265635000.0,-11710000,602000.0,25471000.0,32570000.0,23814000
WIHN.SW,2021,-2.12,0,42510000.0,88805000.0,-238160000.0,-20088000,994000.0,47426000.0,130000000.0,17646000
WIHN.SW,2020,-3.13,0,38663000.0,52881000.0,-217820000.0,-17188000,1592000.0,38455000.0,170000000.0,14779000
YPSN.SW,2023,7.94,0,337945000.0,1101395000.0,572081000.0,161776000,74866000.0,483659000.0,4910000000.0,548457000
YPSN.SW,2022,6.52,0,208327000.0,861879000.0,188801000.0,137507000,78560000.0,291570000.0,2490000000.0,497460000
YPSN.SW,2021,5.6,0,193584000.0,756910000.0,132515999.0,92478000,68081000.0,356631000.0,2570000000.0,464841000
YPSN.SW,2020,5.17,0,185141000.0,717683000.0,116744000.0,63858000,56025000.0,313541000.0,2110000000.0,403656000
ZEHN.SW,2024,4.33,0,265200000.0,476700000.0,238200000.0,40000000,25300000.0,235200000.0,540000000.0,705800000
ZEHN.SW,2023,5.99,0,290400000.0,516800000.0,338600000.0,82500000,24300000.0,169400000.0,720000000.0,764600000
ZEHN.SW,2022,5.64,0,304200000.0,532799999.0,316900000.0,95100000,23900000.0,192000000.0,690000000.0,814700000
ZEHN.SW,2021,6.97,0,344700000.0,553300000.0,319500000.0,90500000,22900000.0,188900000.0,1180000000.0,699000000
ZBH.SW,2024,2.98,0,4671500000.0,21365300000.0,11095300000.0,2250900000,996300000.0,8889100000.0,21270000000.0,7678600000
ZBH.SW,2023,3.17,0,4609500000.0,21496900000.0,10384500000.0,2220200000,951700000.0,9008700000.0,25430000000.0,7394200000
ZBH.SW,2022,3.16,0,4427300000.0,21066000000.0,9559300000.0,1990500000,926400000.0,9039000000.0,26750000000.0,6939900000
ZBH.SW,2021,2.75,0,4885000000.0,23456400000.0,10292200000.0,1955300000,1095000000.0,10790000000.0,26530000000.0,6827300000
ZUGN.SW,2024,2.2,0,24205000.0,1833297000.0,506572000.0,80850000,3996000.0,804484000.0,2160000000.0,88476000
ZUGN.SW,2023,1.84,0,27019000.0,1806813000.0,470296000.0,41306000,3595000.0,814276000.0,1820000000.0,84492000
ZUGN.SW,2022,1.87,0,17319000.0,1792074000.0,467012000.0,49732000,3547000.0,802821000.0,1830000000.0,80130000
ZUGN.SW,2021,2.32,0,18691000.0,1658283000.0,446337000.0,46901000,3461000.0,689705000.0,2070000000.0,74229000
ZUGER.SW,2024,0.26,0,2347499000.0,18888160000.0,122368000.0,0,0.0,17336824000.0,2590000000.0,292128000
ZUGER.SW,2023,0.42,0,2983776000.0,18820324000.0,1263426000.0,174916000,31367000.0,17326987000.0,2570000000.0,441523000
ZUGER.SW,2022,0.32,0,3406462000.0,18631249000.0,102586000.0,24000,22874000.0,17195888000.0,2250000000.0,284300000
ZUGER.SW,2021,0.35,0,3532237000.0,18147837000.0,75396000.0,104618000,15527000.0,16750053000.0,2120000000.0,253136000
ZURN.SW,2024,0.59,0,0.0,358005000000.0,33823000000.0,9816000000,911000000.0,331067000000.0,86120000000.0,77747000000
ZURN.SW,2023,0.86,0,100245000000.0,361382000000.0,32842000000.0,6833000000,852000000.0,335103000000.0,76450000000.0,74693000000
ZURN.SW,2022,0.81,0,114428000000.0,377782000000.0,42863000000.0,7284000000,756000000.0,349869000000.0,70920000000.0,41425000000
ZURN.SW,2021,0.87,0,160608000000.0,435826000000.0,41707000000.0,5598000000,849000000.0,396656000000.0,65070000000.0,70065000000
ZUBN.SW,2023,0.26,0,3871000.0,229396000.0,-88679000.0,6321000,45000.0,92822000.0,100000000.0,9040000
ZUBN.SW,2022,0.18,0,5083000.0,233053000.0,-90061000.0,6000000,55000.0,94545000.0,90440000.0,8836000
ZUBN.SW,2021,0.17,0,4960000.0,231029000.0,-95381000.0,4892000,47000.0,94526000.0,97250000.0,8597000
ZUBN.SW,2020,0.18,0,4073000.0,223015000.0,-101477000.0,5785000,47000.0,89292000.0,100000000.0,9162000
CSGN.SW,2022,0.46,1,84469000000.0,531358000000.0,23632000000.0,29053000000,1737000000.0,486027000000.0,8480000000.0,13760000000
CSGN.SW,2021,0.41,1,185866000000.0,755833000000.0,31064000000.0,6288000000,3041000000.0,711603000000.0,25810000000.0,15987000000
CSGN.SW,2020,0.39,1,176958000000.0,805822000000.0,32834000000.0,4826000000,1356000000.0,762881000000.0,32900000000.0,21133000000
CSGN.SW,2019,0.35,1,143124000000.0,787295000000.0,30634000000.0,5989000000,1275000000.0,743581000000.0,35130000000.0,20471000000
STLN.SW,2023,1.39,1,1354600000.0,1933200000.0,-1218700000.0,-127500000,80600000.0,1698800000.0,300000000.0,3244200000
STLN.SW,2023,1.39,1,1354600000.0,1933200000.0,-1218700000.0,-127500000,80600000.0,1698800000.0,300000000.0,3244200000
STLN.SW,2023,1.39,1,1354600000.0,1933200000.0,-1218700000.0,-127500000,80600000.0,1698800000.0,300000000.0,3244200000
STLN.SW,2023,1.39,1,1354600000.0,1933200000.0,-1218700000.0,-127500000,80600000.0,1698800000.0,300000000.0,3244200000
STLN.SW,2022,2.43,1,1817500000.0,2386000000.0,-916800000.0,177200000,79600000.0,1855100000.0,680000000.0,4051400000
STLN.SW,2022,2.43,1,1817500000.0,2386000000.0,-916800000.0,177200000,79600000.0,1855100000.0,680000000.0,4051400000
STLN.SW,2022,2.43,1,1817500000.0,2386000000.0,-916800000.0,177200000,79600000.0,1855100000.0,680000000.0,4051400000
STLN.SW,2022,2.43,1,1817500000.0,2386000000.0,-916800000.0,177200000,79600000.0,1855100000.0,680000000.0,4051400000
STLN.SW,2021,2.24,1,1651800000.0,2227400000.0,-994900000.0,176000000,71400000.0,1778500000.0,1140000000.0,3192800000
STLN.SW,2021,2.24,1,1651800000.0,2227400000.0,-994900000.0,176000000,71400000.0,1778500000.0,1140000000.0,3192800000
STLN.SW,2021,2.24,1,1651800000.0,2227400000.0,-994900000.0,176000000,71400000.0,1778500000.0,1140000000.0,3192800000
STLN.SW,2021,2.24,1,1651800000.0,2227400000.0,-994900000.0,176000000,71400000.0,1778500000.0,1140000000.0,3192800000
STLN.SW,2020,0.82,1,1158200000.0,1715700000.0,-1224700000.0,-104300000,173700000.0,1549600000.0,540000000.0,2288400000
STLN.SW,2020,0.82,1,1158200000.0,1715700000.0,-1224700000.0,-104300000,173700000.0,1549600000.0,540000000.0,2288400000
STLN.SW,2020,0.82,1,1158200000.0,1715700000.0,-1224700000.0,-104300000,173700000.0,1549600000.0,540000000.0,2288400000
STLN.SW,2020,0.82,1,1158200000.0,1715700000.0,-1224700000.0,-104300000,173700000.0,1549600000.0,540000000.0,2288400000
