year,marketcap,Change,symbol
2025,36250000000,1.62%,AAM.SW
2024,35670000000,6.18%,AAM.SW
2023,33600000000,-35.93%,AAM.SW
2022,52440000000,-3.98%,AAM.SW
2021,54620000000,21.25%,AAM.SW
2020,45040000000,27.26%,AAM.SW
2019,35390000000,13.57%,AAM.SW
2018,31160000000,6.55%,AAM.SW
2017,29250000000,46.36%,AAM.SW
2016,19980000000,221.3%,AAM.SW
2015,6220000000,-76.17%,AAM.SW
2014,26100000000,-14%,AAM.SW
2013,30350000000,-28.71%,AAM.SW
2012,42580000000,-12.27%,AAM.SW
2011,48530000000,-28.59%,AAM.SW
2010,67970000000,17.69%,AAM.SW
2009,57750000000,93.61%,AAM.SW
2008,29820000000,-63.13%,AAM.SW
2007,80890000000,10.8%,AAM.SW
2006,73010000000,43.53%,AAM.SW
2005,50860000000,43.98%,AAM.SW
2004,35330000000,10.85%,AAM.SW
2003,31870000000,46.68%,AAM.SW
2002,21730000000,-1.89%,AAM.SW
2001,22140000000,-1.33%,AAM.SW
2000,22440000000,-17.19%,AAM.SW
1999,27100000000,,AAM.SW
2025,104080000000,3.09%,ABBN.SW
2024,100950000000,23.64%,ABBN.SW
2023,81650000000,43.63%,ABBN.SW
2022,56840000000,-24%,ABBN.SW
2021,74800000000,31.41%,ABBN.SW
2020,56920000000,10.58%,ABBN.SW
2019,51470000000,27.03%,ABBN.SW
2018,40520000000,-28.87%,ABBN.SW
2017,56960000000,26.29%,ABBN.SW
2016,45100000000,13.22%,ABBN.SW
2015,39830000000,-17.53%,ABBN.SW
2014,48300000000,-20.66%,ABBN.SW
2013,60880000000,29.08%,ABBN.SW
2012,47170000000,9.53%,ABBN.SW
2011,43060000000,-15.38%,ABBN.SW
2010,50890000000,13.56%,ABBN.SW
2009,44820000000,29.16%,ABBN.SW
2008,34700000000,-48.01%,ABBN.SW
2007,66730000000,70.27%,ABBN.SW
2006,39190000000,94.77%,ABBN.SW
2005,20120000000,74.58%,ABBN.SW
2004,11520000000,9.81%,ABBN.SW
2003,10490000000,148%,ABBN.SW
2002,4230000000,-73.52%,ABBN.SW
2001,15980000000,-65.15%,ABBN.SW
2000,45870000000,,ABBN.SW
2025,218930000000,9.77%,ABT.SW
2024,199440000000,4.37%,ABT.SW
2023,191080000000,-0.18%,ABT.SW
2022,191420000000,-23.08%,ABT.SW
2021,248860000000,28.25%,ABT.SW
2020,194050000000,26.76%,ABT.SW
2019,153090000000,20.56%,ABT.SW
2018,126980000000,27.83%,ABT.SW
2017,99330000000,75.66%,ABT.SW
2016,56550000000,-14.49%,ABT.SW
2015,66130000000,-2.58%,ABT.SW
2014,67890000000,14.41%,ABT.SW
2013,59330000000,-42.54%,ABT.SW
2012,103270000000,17.9%,ABT.SW
2011,87590000000,18.19%,ABT.SW
2010,74110000000,-11.5%,ABT.SW
2009,83740000000,1.13%,ABT.SW
2008,82800000000,-4.85%,ABT.SW
2007,87020000000,16.22%,ABT.SW
2006,74870000000,23.38%,ABT.SW
2005,60690000000,-16.6%,ABT.SW
2004,72770000000,-0.64%,ABT.SW
2003,73240000000,16.6%,ABT.SW
2002,62810000000,-27.86%,ABT.SW
2001,87070000000,16.28%,ABT.SW
2000,74880000000,33.3%,ABT.SW
1999,56170000000,-24.38%,ABT.SW
1998,74280000000,48.43%,ABT.SW
1997,50040000000,25.78%,ABT.SW
1996,39780000000,,ABT.SW
2025,4700000000,-2.93%,ACLN.SW
2024,4840000000,65.74%,ACLN.SW
2023,2920000000,49.24%,ACLN.SW
2022,1960000000,,ACLN.SW
2025,5170000000,24.74%,ADEN.SW
2024,4140000000,-49.78%,ADEN.SW
2023,8250000000,50.16%,ADEN.SW
2022,5500000000,-35.34%,ADEN.SW
2021,8500000000,-22.27%,ADEN.SW
2020,10940000000,,ADEN.SW
2025,8700000,8.25%,ADXN.SW
2024,8030000,23.8%,ADXN.SW
2023,6490000,-22.76%,ADXN.SW
2022,8400000,-80.5%,ADXN.SW
2021,43110000,-30.2%,ADXN.SW
2020,61760000,37.17%,ADXN.SW
2019,45030000,-25.38%,ADXN.SW
2018,60340000,94.7%,ADXN.SW
2017,30990000,50.75%,ADXN.SW
2016,20560000,-35.32%,ADXN.SW
2015,31790000,35.7%,ADXN.SW
2014,23420000,-43.22%,ADXN.SW
2013,41250000,-54.51%,ADXN.SW
2012,90690000,,ADXN.SW
2025,1250000000,25.94%,AERO.SW
2024,990000000,-23.67%,AERO.SW
2023,1300000000,35.32%,AERO.SW
2022,960000000,-54.87%,AERO.SW
2021,2130000000,,AERO.SW
2025,1280000000,-2.29%,AEVS.SW
2024,1310000000,-22.44%,AEVS.SW
2023,1690000000,5.88%,AEVS.SW
2022,1600000000,19.71%,AEVS.SW
2021,1330000000,13.56%,AEVS.SW
2020,1170000000,1.43%,AEVS.SW
2019,1160000000,20.9%,AEVS.SW
2018,960000000,4.63%,AEVS.SW
2017,910000000,-2.29%,AEVS.SW
2016,930000000,50.99%,AEVS.SW
2015,620000000,-5.03%,AEVS.SW
2014,650000000,22.16%,AEVS.SW
2013,530000000,38.46%,AEVS.SW
2012,380000000,162.12%,AEVS.SW
2011,140000000,26.88%,AEVS.SW
2010,110000000,29.92%,AEVS.SW
2009,89630000,10.48%,AEVS.SW
2008,81130000,-42.87%,AEVS.SW
2007,140000000,-12.15%,AEVS.SW
2006,160000000,,AEVS.SW
2025,300000000,10.17%,AFP.SW
2024,270000000,51.5%,AFP.SW
2023,180000000,-44.31%,AFP.SW
2022,330000000,-27.22%,AFP.SW
2021,450000000,-32.09%,AFP.SW
2020,660000000,88.28%,AFP.SW
2019,350000000,,AFP.SW
2025,44970000000,6.16%,ALC.SW
2024,42360000000,10.26%,ALC.SW
2023,38410000000,14.36%,ALC.SW
2022,33590000000,-22.39%,ALC.SW
2021,43280000000,31.39%,ALC.SW
2020,32940000000,19.31%,ALC.SW
2019,27610000000,,ALC.SW
2025,3360000000,11.49%,ALLN.SW
2024,3010000000,2.34%,ALLN.SW
2023,2950000000,9.8%,ALLN.SW
2022,2680000000,-26.43%,ALLN.SW
2021,3650000000,-0.48%,ALLN.SW
2020,3670000000,,ALLN.SW
2025,3490000000,13.98%,ALSN.SW
2024,3060000000,-16.2%,ALSN.SW
2023,3660000000,56.15%,ALSN.SW
2022,2340000000,-44.28%,ALSN.SW
2021,4200000000,14.41%,ALSN.SW
2020,3670000000,,ALSN.SW
2025,980000000,45.09%,AMS.SW
2024,670000000,-72.6%,AMS.SW
2023,2470000000,29.85%,AMS.SW
2022,1900000000,-59.77%,AMS.SW
2021,4740000000,-17.13%,AMS.SW
2020,5720000000,44.5%,AMS.SW
2019,3960000000,-15.88%,AMS.SW
2018,4700000000,-32.72%,AMS.SW
2017,6990000000,258.2%,AMS.SW
2016,1950000000,-4.98%,AMS.SW
2015,2050000000,-18.09%,AMS.SW
2014,2510000000,76.97%,AMS.SW
2013,1410000000,1434.25%,AMS.SW
2012,92460000,143.39%,AMS.SW
2011,37990000,18.77%,AMS.SW
2010,31980000,85.64%,AMS.SW
2009,17230000,63.81%,AMS.SW
2008,10510000,-74.56%,AMS.SW
2007,41340000,-25.46%,AMS.SW
2006,55460000,31.45%,AMS.SW
2005,42190000,651.13%,AMS.SW
2004,5610000,,AMS.SW
2025,750000000,13.2%,APGN.SW
2024,660000000,2.36%,APGN.SW
2023,650000000,25.27%,APGN.SW
2022,520000000,-20.23%,APGN.SW
2021,650000000,-2.63%,APGN.SW
2020,660000000,-23.76%,APGN.SW
2019,870000000,-12.64%,APGN.SW
2018,1000000000,-28.27%,APGN.SW
2017,1400000000,6.55%,APGN.SW
2016,1310000000,12.1%,APGN.SW
2015,1170000000,33.64%,APGN.SW
2014,870000000,4.33%,APGN.SW
2013,840000000,28.06%,APGN.SW
2012,650000000,54.39%,APGN.SW
2011,420000000,-5.25%,APGN.SW
2010,440000000,42.54%,APGN.SW
2009,310000000,-21.7%,APGN.SW
2008,400000000,-39.7%,APGN.SW
2007,660000000,35.42%,APGN.SW
2006,490000000,20.04%,APGN.SW
2005,410000000,-10.75%,APGN.SW
2004,460000000,19.52%,APGN.SW
2003,380000000,,APGN.SW
2025,870000000,0.8%,ARBN.SW
2024,860000000,10.89%,ARBN.SW
2023,780000000,-18.9%,ARBN.SW
2022,960000000,-38.04%,ARBN.SW
2021,1550000000,40.23%,ARBN.SW
2020,1110000000,23.93%,ARBN.SW
2019,890000000,19.03%,ARBN.SW
2018,750000000,-34.06%,ARBN.SW
2017,1140000000,58.74%,ARBN.SW
2016,710000000,59.85%,ARBN.SW
2015,450000000,0.4%,ARBN.SW
2014,440000000,-28.75%,ARBN.SW
2013,620000000,36.45%,ARBN.SW
2012,460000000,39.28%,ARBN.SW
2011,330000000,-41.44%,ARBN.SW
2010,560000000,30.47%,ARBN.SW
2009,430000000,396.34%,ARBN.SW
2008,87340000,-64.44%,ARBN.SW
2007,240000000,-1.33%,ARBN.SW
2006,240000000,50.85%,ARBN.SW
2005,160000000,65.35%,ARBN.SW
2004,99790000,27.66%,ARBN.SW
2003,78170000,,ARBN.SW
2025,2150000000,23.85%,ARYN.SW
2024,1740000000,-5.02%,ARYN.SW
2023,1830000000,54.94%,ARYN.SW
2022,1180000000,-4.51%,ARYN.SW
2021,1230000000,61.53%,ARYN.SW
2020,760000000,-30.71%,ARYN.SW
2019,1100000000,0.99%,ARYN.SW
2018,1090000000,-68.9%,ARYN.SW
2017,3520000000,-9.84%,ARYN.SW
2016,3900000000,-14.71%,ARYN.SW
2015,4580000000,-33.25%,ARYN.SW
2014,6860000000,1.03%,ARYN.SW
2013,6790000000,59.81%,ARYN.SW
2012,4250000000,6.08%,ARYN.SW
2011,4000000000,4.81%,ARYN.SW
2010,3820000000,486.9%,ARYN.SW
2009,650000000,-27.41%,ARYN.SW
2008,890000000,,ARYN.SW
2025,140000000,-11%,ASCN.SW
2024,160000000,-53.28%,ASCN.SW
2023,350000000,21.27%,ASCN.SW
2022,280000000,-37.51%,ASCN.SW
2021,460000000,-13.38%,ASCN.SW
2020,530000000,36.88%,ASCN.SW
2019,390000000,-21.3%,ASCN.SW
2018,490000000,-46.56%,ASCN.SW
2017,920000000,65.34%,ASCN.SW
2016,560000000,-2.4%,ASCN.SW
2015,570000000,6.31%,ASCN.SW
2014,540000000,-8.28%,ASCN.SW
2013,590000000,68.96%,ASCN.SW
2012,340000000,12.91%,ASCN.SW
2011,300000000,-43.06%,ASCN.SW
2010,540000000,66.12%,ASCN.SW
2009,320000000,15.77%,ASCN.SW
2008,280000000,-26.84%,ASCN.SW
2007,380000000,-14.17%,ASCN.SW
2006,450000000,-11.77%,ASCN.SW
2005,510000000,-14.92%,ASCN.SW
2004,590000000,,ASCN.SW
2025,820000000,9.15%,AUTN.SW
2024,750000000,-19.51%,AUTN.SW
2023,940000000,83.54%,AUTN.SW
2022,510000000,-40.55%,AUTN.SW
2021,860000000,1.5%,AUTN.SW
2020,850000000,52.54%,AUTN.SW
2019,550000000,-20.05%,AUTN.SW
2018,690000000,-48.03%,AUTN.SW
2017,1340000000,10.32%,AUTN.SW
2016,1210000000,28.06%,AUTN.SW
2015,940000000,19.88%,AUTN.SW
2014,790000000,10.95%,AUTN.SW
2013,710000000,214.34%,AUTN.SW
2012,220000000,-6.85%,AUTN.SW
2011,240000000,,AUTN.SW
2025,6430000000,8.81%,AVOL.SW
2024,5910000000,0.27%,AVOL.SW
2023,5890000000,55.85%,AVOL.SW
2022,3780000000,-15.64%,AVOL.SW
2021,4480000000,-11.33%,AVOL.SW
2020,5050000000,2.21%,AVOL.SW
2019,4950000000,5.2%,AVOL.SW
2018,4700000000,-41.19%,AVOL.SW
2017,8000000000,19.35%,AVOL.SW
2016,6700000000,2.64%,AVOL.SW
2015,6530000000,21.01%,AVOL.SW
2014,5390000000,-0.67%,AVOL.SW
2013,5430000000,39.73%,AVOL.SW
2012,3880000000,58.13%,AVOL.SW
2011,2450000000,-31.54%,AVOL.SW
2010,3590000000,98.46%,AVOL.SW
2009,1810000000,239.4%,AVOL.SW
2008,530000000,-65.92%,AVOL.SW
2007,1560000000,32.76%,AVOL.SW
2006,1170000000,32.91%,AVOL.SW
2005,880000000,,AVOL.SW
2025,14380000000,8.07%,BAER.SW
2024,13310000000,16.17%,BAER.SW
2023,11450000000,-5.69%,BAER.SW
2022,12150000000,-14.89%,BAER.SW
2021,14270000000,14.76%,BAER.SW
2020,12430000000,11.25%,BAER.SW
2019,11180000000,44.13%,BAER.SW
2018,7750000000,-41.41%,BAER.SW
2017,13240000000,36.27%,BAER.SW
2016,9710000000,-9.71%,BAER.SW
2015,10760000000,5.82%,BAER.SW
2014,10170000000,-3.45%,BAER.SW
2013,10530000000,38.89%,BAER.SW
2012,7580000000,-1.82%,BAER.SW
2011,7720000000,-20.02%,BAER.SW
2010,9650000000,33.11%,BAER.SW
2009,7250000000,-7.25%,BAER.SW
2008,7820000000,-54.81%,BAER.SW
2007,17310000000,183.75%,BAER.SW
2006,6100000000,,BAER.SW
2025,9440000000,14.19%,BALN.SW
2024,8270000000,16.65%,BALN.SW
2023,7090000000,1.74%,BALN.SW
2022,6970000000,-5.15%,BALN.SW
2021,7340000000,-8.69%,BALN.SW
2020,8040000000,-2.22%,BALN.SW
2019,8230000000,28.37%,BALN.SW
2018,6410000000,-13.09%,BALN.SW
2017,7370000000,26.76%,BALN.SW
2016,5820000000,-3.16%,BALN.SW
2015,6010000000,-0.99%,BALN.SW
2014,6060000000,0.92%,BALN.SW
2013,6010000000,48.94%,BALN.SW
2012,4030000000,26.1%,BALN.SW
2011,3200000000,-32.1%,BALN.SW
2010,4710000000,17.03%,BALN.SW
2009,4020000000,10.54%,BALN.SW
2008,3640000000,-25.98%,BALN.SW
2007,4920000000,-7.75%,BALN.SW
2006,5330000000,,BALN.SW
2025,4570000000,-5.24%,BANB.SW
2024,4820000000,-16.63%,BANB.SW
2023,5790000000,-9.03%,BANB.SW
2022,6360000000,-44.91%,BANB.SW
2021,11550000000,84.04%,BANB.SW
2020,6270000000,,BANB.SW
2025,7510000000,1.67%,BARN.SW
2024,7390000000,-19.9%,BARN.SW
2023,9220000000,-14.86%,BARN.SW
2022,10830000000,-18.45%,BARN.SW
2021,13290000000,1.71%,BARN.SW
2020,13060000000,8.1%,BARN.SW
2019,12090000000,41.85%,BARN.SW
2018,8520000000,-25.09%,BARN.SW
2017,11370000000,69.56%,BARN.SW
2016,6710000000,10.33%,BARN.SW
2015,6080000000,7.37%,BARN.SW
2014,5660000000,-18.05%,BARN.SW
2013,6910000000,38.65%,BARN.SW
2012,4980000000,-1.85%,BARN.SW
2011,5070000000,18.65%,BARN.SW
2010,4280000000,31.14%,BARN.SW
2009,3260000000,-4.43%,BARN.SW
2008,3410000000,-13.04%,BARN.SW
2007,3920000000,50.66%,BARN.SW
2006,2600000000,54.86%,BARN.SW
2005,1680000000,31.23%,BARN.SW
2004,1280000000,25.24%,BARN.SW
2003,1020000000,,BARN.SW
2025,160000000,-4.7%,BBN.SW
2024,160000000,-56.19%,BBN.SW
2023,380000000,-28.49%,BBN.SW
2022,530000000,-10.22%,BBN.SW
2021,590000000,28.39%,BBN.SW
2020,460000000,41.42%,BBN.SW
2019,330000000,22.69%,BBN.SW
2018,260000000,-19.83%,BBN.SW
2017,330000000,62.14%,BBN.SW
2016,200000000,34.54%,BBN.SW
2015,150000000,1.69%,BBN.SW
2014,150000000,-4.67%,BBN.SW
2013,150000000,50.51%,BBN.SW
2012,100000000,-31.7%,BBN.SW
2011,150000000,-57.29%,BBN.SW
2010,360000000,2.42%,BBN.SW
2009,350000000,-7.43%,BBN.SW
2008,380000000,-51.2%,BBN.SW
2007,780000000,16.71%,BBN.SW
2006,670000000,5.2%,BBN.SW
2005,630000000,58.85%,BBN.SW
2004,400000000,-19.66%,BBN.SW
2003,490000000,,BBN.SW
2025,2120000000,5.65%,BCGE.SW
2024,2000000000,5.45%,BCGE.SW
2023,1900000000,38.18%,BCGE.SW
2022,1370000000,10.62%,BCGE.SW
2021,1240000000,-2.42%,BCGE.SW
2020,1270000000,-10.8%,BCGE.SW
2019,1430000000,3%,BCGE.SW
2018,1380000000,187.91%,BCGE.SW
2017,480000000,15.66%,BCGE.SW
2016,410000000,10.75%,BCGE.SW
2015,370000000,22.67%,BCGE.SW
2014,300000000,-14.3%,BCGE.SW
2013,350000000,12.78%,BCGE.SW
2012,310000000,-56.6%,BCGE.SW
2011,730000000,,BCGE.SW
2007,1420000000,26.28%,BCGE.SW
2006,1120000000,36.62%,BCGE.SW
2005,820000000,-11.93%,BCGE.SW
2004,930000000,17.88%,BCGE.SW
2003,790000000,,BCGE.SW
2025,2370000000,-2.47%,BCHN.SW
2024,2430000000,19.8%,BCHN.SW
2023,2030000000,0.38%,BCHN.SW
2022,2020000000,26.31%,BCHN.SW
2021,1600000000,36.09%,BCHN.SW
2020,1170000000,26.7%,BCHN.SW
2019,920000000,16.8%,BCHN.SW
2018,790000000,-27.42%,BCHN.SW
2017,1090000000,22.74%,BCHN.SW
2016,890000000,-15.8%,BCHN.SW
2015,1050000000,-18.84%,BCHN.SW
2014,1300000000,-12.6%,BCHN.SW
2013,1490000000,36.92%,BCHN.SW
2012,1090000000,31.27%,BCHN.SW
2011,830000000,-10.02%,BCHN.SW
2010,920000000,53.25%,BCHN.SW
2009,600000000,22.87%,BCHN.SW
2008,490000000,-55.85%,BCHN.SW
2007,1110000000,,BCHN.SW
2025,9440000000,19.16%,BCVN.SW
2024,7920000000,-28.42%,BCVN.SW
2023,11070000000,34.37%,BCVN.SW
2022,8240000000,23.85%,BCVN.SW
2021,6650000000,-29.06%,BCVN.SW
2020,9370000000,,BCVN.SW
2025,7920000000,-3.43%,BEAN.SW
2024,8200000000,21.08%,BEAN.SW
2023,6770000000,15.83%,BEAN.SW
2022,5850000000,-25.05%,BEAN.SW
2021,7800000000,45.73%,BEAN.SW
2020,5350000000,,BEAN.SW
2025,2590000000,7.86%,BEKN.SW
2024,2400000000,-7.38%,BEKN.SW
2023,2590000000,16.82%,BEKN.SW
2022,2220000000,8.56%,BEKN.SW
2021,2040000000,-14.31%,BEKN.SW
2020,2380000000,,BEKN.SW
2025,1780000000,-2.81%,BELL.SW
2024,1830000000,-3.31%,BELL.SW
2023,1890000000,17.28%,BELL.SW
2022,1610000000,-19.42%,BELL.SW
2021,2000000000,18.12%,BELL.SW
2020,1690000000,-0.91%,BELL.SW
2019,1710000000,-14.11%,BELL.SW
2018,1990000000,13.31%,BELL.SW
2017,1760000000,2.36%,BELL.SW
2016,1720000000,56.54%,BELL.SW
2015,1090000000,21.23%,BELL.SW
2014,900000000,-9.22%,BELL.SW
2013,990000000,18.41%,BELL.SW
2012,840000000,12.89%,BELL.SW
2011,740000000,15.3%,BELL.SW
2010,640000000,4.78%,BELL.SW
2009,610000000,53.9%,BELL.SW
2008,400000000,-37.57%,BELL.SW
2007,640000000,38.86%,BELL.SW
2006,460000000,53.73%,BELL.SW
2005,300000000,-13.26%,BELL.SW
2004,340000000,,BELL.SW
2025,2040000000,-4.65%,BION.SW
2024,2140000000,-23%,BION.SW
2023,2780000000,-15.12%,BION.SW
2022,3280000000,-29.83%,BION.SW
2021,4670000000,0.39%,BION.SW
2020,4650000000,22.98%,BION.SW
2019,3780000000,15.2%,BION.SW
2018,3280000000,-9.98%,BION.SW
2017,3650000000,22.37%,BION.SW
2016,2980000000,-9.38%,BION.SW
2015,3290000000,22.22%,BION.SW
2014,2690000000,43.35%,BION.SW
2013,1880000000,753.65%,BION.SW
2012,220000000,-74.63%,BION.SW
2011,860000000,-13.86%,BION.SW
2010,1000000000,-17.15%,BION.SW
2009,1210000000,-8.87%,BION.SW
2008,1330000000,-11.11%,BION.SW
2007,1500000000,-10.17%,BION.SW
2006,1670000000,8.23%,BION.SW
2005,1540000000,0.42%,BION.SW
2004,1530000000,,BION.SW
2025,9010000000,1.58%,BKW.SW
2024,8870000000,-5.35%,BKW.SW
2023,9370000000,29.93%,BKW.SW
2022,7210000000,5.38%,BKW.SW
2021,6840000000,15.35%,BKW.SW
2020,5930000000,,BKW.SW
2025,590000000,10.68%,BLKB.SW
2024,530000000,-6.48%,BLKB.SW
2023,570000000,2.33%,BLKB.SW
2022,560000000,-0.12%,BLKB.SW
2021,560000000,-6.9%,BLKB.SW
2020,600000000,12.36%,BLKB.SW
2019,530000000,3.41%,BLKB.SW
2018,510000000,-0.42%,BLKB.SW
2017,520000000,5.68%,BLKB.SW
2016,490000000,-1.81%,BLKB.SW
2015,500000000,-0.39%,BLKB.SW
2014,500000000,-13.45%,BLKB.SW
2013,580000000,-14.67%,BLKB.SW
2012,680000000,,BLKB.SW
2009,770000000,7.15%,BLKB.SW
2008,710000000,8.77%,BLKB.SW
2007,660000000,2.26%,BLKB.SW
2006,640000000,,BLKB.SW
2025,1750000000,6.71%,BOSN.SW
2024,1640000000,-15.39%,BOSN.SW
2023,1940000000,21.5%,BOSN.SW
2022,1590000000,-42.22%,BOSN.SW
2021,2760000000,77.84%,BOSN.SW
2020,1550000000,12.14%,BOSN.SW
2019,1380000000,28.11%,BOSN.SW
2018,1080000000,-39.58%,BOSN.SW
2017,1790000000,68.29%,BOSN.SW
2016,1060000000,27.36%,BOSN.SW
2015,830000000,0.11%,BOSN.SW
2014,830000000,-5.9%,BOSN.SW
2013,880000000,102.84%,BOSN.SW
2012,430000000,51.4%,BOSN.SW
2011,280000000,-6.86%,BOSN.SW
2010,310000000,103.64%,BOSN.SW
2009,150000000,29.48%,BOSN.SW
2008,110000000,-43.11%,BOSN.SW
2007,200000000,15.15%,BOSN.SW
2006,170000000,10.53%,BOSN.SW
2005,160000000,0.68%,BOSN.SW
2004,160000000,38.89%,BOSN.SW
2003,110000000,,BOSN.SW
2025,1240000000,16.23%,BRKN.SW
2024,1070000000,-8.2%,BRKN.SW
2023,1170000000,38.14%,BRKN.SW
2022,840000000,105.16%,BRKN.SW
2021,410000000,-8.07%,BRKN.SW
2020,440000000,-4.63%,BRKN.SW
2019,470000000,-0.91%,BRKN.SW
2018,470000000,-39.2%,BRKN.SW
2017,780000000,-3.2%,BRKN.SW
2016,800000000,22.64%,BRKN.SW
2015,650000000,25.77%,BRKN.SW
2014,520000000,1.39%,BRKN.SW
2013,510000000,33.02%,BRKN.SW
2012,380000000,39.49%,BRKN.SW
2011,270000000,29.77%,BRKN.SW
2010,210000000,65.91%,BRKN.SW
2009,120000000,31.53%,BRKN.SW
2008,98260000,,BRKN.SW
2025,450000000,19.3%,BSKP.SW
2024,380000000,0.27%,BSKP.SW
2023,380000000,13.1%,BSKP.SW
2022,330000000,-1.73%,BSKP.SW
2021,340000000,-1.6%,BSKP.SW
2020,350000000,-11.22%,BSKP.SW
2019,390000000,6.07%,BSKP.SW
2018,370000000,17.15%,BSKP.SW
2017,310000000,12.85%,BSKP.SW
2016,280000000,-5.2%,BSKP.SW
2015,290000000,7.92%,BSKP.SW
2014,270000000,-18.61%,BSKP.SW
2013,330000000,-25.46%,BSKP.SW
2012,450000000,-45.51%,BSKP.SW
2011,830000000,-7.44%,BSKP.SW
2010,890000000,31.86%,BSKP.SW
2009,680000000,4.78%,BSKP.SW
2008,650000000,8.73%,BSKP.SW
2007,590000000,11.75%,BSKP.SW
2006,530000000,,BSKP.SW
2025,650000000,15.48%,BSLN.SW
2024,560000000,12.32%,BSLN.SW
2023,500000000,-14.87%,BSLN.SW
2022,590000000,11.41%,BSLN.SW
2021,530000000,-19.05%,BSLN.SW
2020,650000000,25.7%,BSLN.SW
2019,520000000,19.4%,BSLN.SW
2018,430000000,-48.39%,BSLN.SW
2017,840000000,9.03%,BSLN.SW
2016,770000000,-26.31%,BSLN.SW
2015,1050000000,6.79%,BSLN.SW
2014,980000000,-18.65%,BSLN.SW
2013,1210000000,158.62%,BSLN.SW
2012,460000000,28.42%,BSLN.SW
2011,360000000,-45.28%,BSLN.SW
2010,660000000,11.64%,BSLN.SW
2009,590000000,-56.29%,BSLN.SW
2008,1360000000,-26.49%,BSLN.SW
2007,1850000000,37.33%,BSLN.SW
2006,1350000000,73.51%,BSLN.SW
2005,780000000,33.21%,BSLN.SW
2004,580000000,,BSLN.SW
2025,4390000000,18.17%,BUCN.SW
2024,3720000000,-13.36%,BUCN.SW
2023,4290000000,0.44%,BUCN.SW
2022,4270000000,-15.26%,BUCN.SW
2021,5040000000,7.32%,BUCN.SW
2020,4700000000,,BUCN.SW
2025,210000000,17.4%,BVZN.SW
2024,180000000,-13.39%,BVZN.SW
2023,210000000,38.48%,BVZN.SW
2022,150000000,3.15%,BVZN.SW
2021,150000000,-14.51%,BVZN.SW
2020,170000000,-27.67%,BVZN.SW
2019,240000000,51.38%,BVZN.SW
2018,160000000,18.23%,BVZN.SW
2017,130000000,34.01%,BVZN.SW
2016,100000000,-10.47%,BVZN.SW
2015,110000000,86.33%,BVZN.SW
2014,61080000,-10.61%,BVZN.SW
2013,68330000,-7.11%,BVZN.SW
2012,73560000,,BVZN.SW
2008,75660000,2.4%,BVZN.SW
2007,73890000,49.41%,BVZN.SW
2006,49450000,3.08%,BVZN.SW
2005,47970000,,BVZN.SW
2025,760000000,7.38%,BYS.SW
2024,710000000,-38.93%,BYS.SW
2023,1170000000,-18.31%,BYS.SW
2022,1430000000,-50.6%,BYS.SW
2021,2900000000,13.69%,BYS.SW
2020,2550000000,3.52%,BYS.SW
2019,2460000000,52.67%,BYS.SW
2018,1610000000,-24.8%,BYS.SW
2017,2140000000,46.67%,BYS.SW
2016,1460000000,9.45%,BYS.SW
2015,1330000000,-24.52%,BYS.SW
2014,1770000000,,BYS.SW
2025,160000000,-18.39%,CALN.SW
2024,200000000,-29.9%,CALN.SW
2023,290000000,-31.33%,CALN.SW
2022,420000000,-3.61%,CALN.SW
2021,440000000,49.27%,CALN.SW
2020,290000000,-4.59%,CALN.SW
2019,310000000,23.15%,CALN.SW
2018,250000000,-20.42%,CALN.SW
2017,310000000,15.62%,CALN.SW
2016,270000000,5.15%,CALN.SW
2015,260000000,-12.43%,CALN.SW
2014,300000000,18.34%,CALN.SW
2013,250000000,14.49%,CALN.SW
2012,220000000,-6.13%,CALN.SW
2011,230000000,2.22%,CALN.SW
2010,230000000,97.14%,CALN.SW
2009,110000000,40.91%,CALN.SW
2008,83100000,-62.04%,CALN.SW
2007,210000000,36.52%,CALN.SW
2006,160000000,31.16%,CALN.SW
2005,120000000,54.96%,CALN.SW
2004,78900000,34.18%,CALN.SW
2003,58800000,,CALN.SW
2025,106420000000,19.43%,CFR.SW
2024,89110000000,10.31%,CFR.SW
2023,80780000000,9.81%,CFR.SW
2022,73560000000,-13.23%,CFR.SW
2021,84780000000,65.17%,CFR.SW
2020,51330000000,15.74%,CFR.SW
2019,44340000000,22.64%,CFR.SW
2018,36160000000,-29.03%,CFR.SW
2017,50950000000,36.1%,CFR.SW
2016,37440000000,-9.08%,CFR.SW
2015,41180000000,-55.61%,CFR.SW
2014,92760000000,67.57%,CFR.SW
2013,55350000000,,CFR.SW
2007,19390000000,-3.83%,CFR.SW
2006,20160000000,33.93%,CFR.SW
2005,15050000000,37.85%,CFR.SW
2004,10920000000,30.69%,CFR.SW
2003,8350000000,,CFR.SW
2025,1750000000,12.72%,CFT.SW
2024,1550000000,47.25%,CFT.SW
2023,1050000000,23.62%,CFT.SW
2022,850000000,-0.04%,CFT.SW
2021,850000000,-6.42%,CFT.SW
2020,910000000,17.82%,CFT.SW
2019,770000000,9.44%,CFT.SW
2018,700000000,6.82%,CFT.SW
2017,660000000,25.32%,CFT.SW
2016,520000000,18.01%,CFT.SW
2015,440000000,60.94%,CFT.SW
2014,270000000,-22.58%,CFT.SW
2013,360000000,2.01%,CFT.SW
2012,350000000,-23.07%,CFT.SW
2011,450000000,-40.88%,CFT.SW
2010,770000000,6.47%,CFT.SW
2009,720000000,96.18%,CFT.SW
2008,370000000,-62.96%,CFT.SW
2007,1000000000,22.36%,CFT.SW
2006,820000000,47.3%,CFT.SW
2005,550000000,4.99%,CFT.SW
2004,530000000,3.35%,CFT.SW
2003,510000000,,CFT.SW
2025,480000000,136.27%,CICN.SW
2024,200000000,8.73%,CICN.SW
2023,180000000,18.56%,CICN.SW
2022,150000000,-10.74%,CICN.SW
2021,170000000,15.88%,CICN.SW
2020,150000000,-13.83%,CICN.SW
2019,170000000,52.96%,CICN.SW
2018,110000000,-35.56%,CICN.SW
2017,180000000,126.86%,CICN.SW
2016,79440000,7.38%,CICN.SW
2015,73980000,-28.83%,CICN.SW
2014,100000000,-7.15%,CICN.SW
2013,110000000,22.87%,CICN.SW
2012,91110000,-11.76%,CICN.SW
2011,100000000,-14.7%,CICN.SW
2010,120000000,34.85%,CICN.SW
2009,89770000,65.84%,CICN.SW
2008,54130000,-62.47%,CICN.SW
2007,140000000,-20.57%,CICN.SW
2006,180000000,24.98%,CICN.SW
2005,140000000,151.92%,CICN.SW
2004,57670000,,CICN.SW
2025,3840000000,4.35%,CLN.SW
2024,3680000000,-24.18%,CLN.SW
2023,4850000000,-6.86%,CLN.SW
2022,5210000000,-23.92%,CLN.SW
2021,6850000000,-2.59%,CLN.SW
2020,7030000000,-4.21%,CLN.SW
2019,7340000000,21.12%,CLN.SW
2018,6060000000,-32.52%,CLN.SW
2017,8980000000,61.18%,CLN.SW
2016,5570000000,-10.22%,CLN.SW
2015,6200000000,14.79%,CLN.SW
2014,5400000000,-7.67%,CLN.SW
2013,5850000000,54.81%,CLN.SW
2012,3780000000,29.8%,CLN.SW
2011,2910000000,-34.94%,CLN.SW
2010,4480000000,71.17%,CLN.SW
2009,2610000000,,CLN.SW
2025,3250000000,22.46%,CMBN.SW
2024,2650000000,16.25%,CMBN.SW
2023,2280000000,-8.34%,CMBN.SW
2022,2490000000,16.73%,CMBN.SW
2021,2130000000,-40.16%,CMBN.SW
2020,3570000000,,CMBN.SW
2025,2060000000,-4.9%,COTN.SW
2024,2160000000,-11.62%,COTN.SW
2023,2450000000,48.82%,COTN.SW
2022,1640000000,-42.42%,COTN.SW
2021,2860000000,63.84%,COTN.SW
2020,1740000000,77.71%,COTN.SW
2019,980000000,56.19%,COTN.SW
2018,620000000,-48.44%,COTN.SW
2017,1220000000,59.84%,COTN.SW
2016,760000000,33.98%,COTN.SW
2015,560000000,12.93%,COTN.SW
2014,500000000,23.81%,COTN.SW
2013,400000000,132.4%,COTN.SW
2012,170000000,44.79%,COTN.SW
2011,120000000,-23.69%,COTN.SW
2010,150000000,43.5%,COTN.SW
2009,110000000,55.17%,COTN.SW
2008,71270000,-56.74%,COTN.SW
2007,160000000,53.25%,COTN.SW
2006,100000000,24.75%,COTN.SW
2005,86180000,-0.23%,COTN.SW
2004,86380000,49.41%,COTN.SW
2003,57810000,,COTN.SW
2025,480000000,-2.28%,CPHN.SW
2024,490000000,-18.5%,CPHN.SW
2023,600000000,19.74%,CPHN.SW
2022,500000000,26.47%,CPHN.SW
2021,400000000,-18.93%,CPHN.SW
2020,490000000,0.72%,CPHN.SW
2019,490000000,-2.51%,CPHN.SW
2018,500000000,52.54%,CPHN.SW
2017,320000000,40.07%,CPHN.SW
2016,230000000,23.55%,CPHN.SW
2015,190000000,-44.35%,CPHN.SW
2014,340000000,-17.65%,CPHN.SW
2013,410000000,-2.68%,CPHN.SW
2012,420000000,32.31%,CPHN.SW
2011,320000000,-40.82%,CPHN.SW
2010,540000000,7.51%,CPHN.SW
2009,500000000,13.93%,CPHN.SW
2008,440000000,-49.05%,CPHN.SW
2007,870000000,32.09%,CPHN.SW
2006,660000000,41.79%,CPHN.SW
2005,460000000,17.48%,CPHN.SW
2004,390000000,14.57%,CPHN.SW
2003,340000000,,CPHN.SW
2023,2690000000,-68.29%,CSGN.SW
2022,8480000000,-67.12%,CSGN.SW
2021,25810000000,-21.54%,CSGN.SW
2020,32900000000,-6.35%,CSGN.SW
2019,35130000000,19.43%,CSGN.SW
2018,29420000000,-39.19%,CSGN.SW
2017,48370000000,46.73%,CSGN.SW
2016,32970000000,-21.87%,CSGN.SW
2015,42200000000,-7.25%,CSGN.SW
2014,45500000000,-18.76%,CSGN.SW
2013,56010000000,51.78%,CSGN.SW
2012,36900000000,13.12%,CSGN.SW
2011,32620000000,-41.47%,CSGN.SW
2010,55730000000,-16.36%,CSGN.SW
2009,66630000000,93.32%,CSGN.SW
2008,34470000000,-52.44%,CSGN.SW
2007,72470000000,-17.33%,CSGN.SW
2006,87660000000,4.44%,CSGN.SW
2005,83940000000,51.71%,CSGN.SW
2004,55330000000,9.77%,CSGN.SW
2003,50410000000,72.41%,CSGN.SW
2002,29230000000,-50.34%,CSGN.SW
2001,58880000000,1.56%,CSGN.SW
2000,57970000000,-3.05%,CSGN.SW
1999,59790000000,27.51%,CSGN.SW
1998,46890000000,-0.64%,CSGN.SW
1997,47200000000,54.73%,CSGN.SW
1996,30500000000,-2.43%,CSGN.SW
1995,31260000000,,CSGN.SW
2025,2270000000,-10.2%,DAE.SW
2024,2530000000,-35.68%,DAE.SW
2023,3940000000,16.58%,DAE.SW
2022,3380000000,-54.78%,DAE.SW
2021,7470000000,50.92%,DAE.SW
2020,4950000000,,DAE.SW
2025,3050000000,-9.21%,DESN.SW
2024,3360000000,-11.64%,DESN.SW
2023,3810000000,0.25%,DESN.SW
2022,3800000000,,DESN.SW
2019,620000000,6.26%,DESN.SW
2018,580000000,-44.38%,DESN.SW
2017,1050000000,100.66%,DESN.SW
2016,520000000,99.25%,DESN.SW
2015,260000000,5.05%,DESN.SW
2014,250000000,-20.22%,DESN.SW
2013,310000000,19.58%,DESN.SW
2012,260000000,-0.37%,DESN.SW
2011,260000000,-16.27%,DESN.SW
2010,310000000,7.97%,DESN.SW
2009,290000000,24.69%,DESN.SW
2008,230000000,-20.18%,DESN.SW
2007,290000000,6.99%,DESN.SW
2006,270000000,,DESN.SW
2025,5340000000,9.73%,DKSH.SW
2024,4870000000,8.13%,DKSH.SW
2023,4500000000,-8.71%,DKSH.SW
2022,4930000000,-7.89%,DKSH.SW
2021,5360000000,9.2%,DKSH.SW
2020,4900000000,,DKSH.SW
2025,230000000,-13.69%,DOCM.SW
2024,270000000,-73.39%,DOCM.SW
2023,1030000000,176.36%,DOCM.SW
2022,370000000,-85.87%,DOCM.SW
2021,2640000000,-14.05%,DOCM.SW
2020,3070000000,220.38%,DOCM.SW
2019,950000000,26.56%,DOCM.SW
2018,750000000,-8.95%,DOCM.SW
2017,830000000,,DOCM.SW
2025,3220000000,7.17%,DOKA.SW
2024,3010000000,33.28%,DOKA.SW
2023,2250000000,47.67%,DOKA.SW
2022,1520000000,-44.46%,DOKA.SW
2021,2750000000,16.2%,DOKA.SW
2020,2360000000,,DOKA.SW
2025,4770000000,8.67%,EFGN.SW
2024,4390000000,12.17%,EFGN.SW
2023,3910000000,32.52%,EFGN.SW
2022,2950000000,27.64%,EFGN.SW
2021,2310000000,17.82%,EFGN.SW
2020,1960000000,2.19%,EFGN.SW
2019,1920000000,13.37%,EFGN.SW
2018,1690000000,-44.35%,EFGN.SW
2017,3040000000,230.51%,EFGN.SW
2016,920000000,-43.28%,EFGN.SW
2015,1620000000,-8.24%,EFGN.SW
2014,1770000000,-16.74%,EFGN.SW
2013,2120000000,41.35%,EFGN.SW
2012,1500000000,48.19%,EFGN.SW
2011,1010000000,-44.77%,EFGN.SW
2010,1830000000,-9.32%,EFGN.SW
2009,2020000000,-22.89%,EFGN.SW
2008,2620000000,-55.39%,EFGN.SW
2007,5890000000,6.68%,EFGN.SW
2006,5520000000,41.65%,EFGN.SW
2005,3900000000,,EFGN.SW
2025,4930000000,12.55%,EMMN.SW
2024,4380000000,-24.33%,EMMN.SW
2023,5790000000,27.86%,EMMN.SW
2022,4520000000,-28.1%,EMMN.SW
2021,6300000000,13.9%,EMMN.SW
2020,5530000000,,EMMN.SW
2025,16260000000,2.34%,EMSN.SW
2024,15890000000,-16.03%,EMSN.SW
2023,18920000000,19.55%,EMSN.SW
2022,15830000000,-39.42%,EMSN.SW
2021,26130000000,15.49%,EMSN.SW
2020,22630000000,,EMSN.SW
2025,910000000,-0.62%,EPIC.SW
2024,920000000,14.79%,EPIC.SW
2023,800000000,13.51%,EPIC.SW
2022,710000000,,EPIC.SW
2025,7450000000,1.02%,FHZN.SW
2024,7370000000,15.15%,FHZN.SW
2023,6400000000,34.85%,FHZN.SW
2022,4750000000,-13.84%,FHZN.SW
2021,5510000000,1.44%,FHZN.SW
2020,5430000000,,FHZN.SW
2025,1340000000,13.47%,FORN.SW
2024,1180000000,-33%,FORN.SW
2023,1760000000,5.55%,FORN.SW
2022,1670000000,-42.52%,FORN.SW
2021,2910000000,7.24%,FORN.SW
2020,2710000000,,FORN.SW
2025,200000000,-9.28%,FTON.SW
2024,220000000,-30.41%,FTON.SW
2023,310000000,-1.15%,FTON.SW
2022,320000000,3.54%,FTON.SW
2021,310000000,-0.18%,FTON.SW
2020,310000000,-0.55%,FTON.SW
2019,310000000,-16.48%,FTON.SW
2018,370000000,-30.66%,FTON.SW
2017,540000000,13.14%,FTON.SW
2016,470000000,20.22%,FTON.SW
2015,390000000,-13.34%,FTON.SW
2014,450000000,30.37%,FTON.SW
2013,350000000,50.66%,FTON.SW
2012,230000000,-13.2%,FTON.SW
2011,260000000,2.91%,FTON.SW
2010,260000000,58.28%,FTON.SW
2009,160000000,15.45%,FTON.SW
2008,140000000,-28.9%,FTON.SW
2007,200000000,-1.55%,FTON.SW
2006,200000000,41.94%,FTON.SW
2005,140000000,16.21%,FTON.SW
2004,120000000,14.14%,FTON.SW
2003,100000000,,FTON.SW
2025,26370000000,-0.25%,GALD.SW
2024,26430000000,,GALD.SW
2025,4470000000,8.74%,GALE.SW
2024,4110000000,-4.51%,GALE.SW
2023,4300000000,6.2%,GALE.SW
2022,4050000000,8.89%,GALE.SW
2021,3720000000,12.42%,GALE.SW
2020,3310000000,,GALE.SW
2025,160000000,8.97%,GAV.SW
2024,140000000,-45.25%,GAV.SW
2023,270000000,16.81%,GAV.SW
2022,230000000,8.26%,GAV.SW
2021,210000000,46.19%,GAV.SW
2020,140000000,-23.3%,GAV.SW
2019,190000000,7.76%,GAV.SW
2018,170000000,-28.56%,GAV.SW
2017,240000000,46.16%,GAV.SW
2016,160000000,9.62%,GAV.SW
2015,150000000,1.95%,GAV.SW
2014,150000000,-9.48%,GAV.SW
2013,160000000,10.35%,GAV.SW
2012,150000000,,GAV.SW
2025,21120000000,11.66%,GEBN.SW
2024,18910000000,-11.93%,GEBN.SW
2023,21470000000,32.08%,GEBN.SW
2022,16260000000,-44.42%,GEBN.SW
2021,29250000000,30.64%,GEBN.SW
2020,22390000000,10.91%,GEBN.SW
2019,20190000000,44.14%,GEBN.SW
2018,14000000000,-13.18%,GEBN.SW
2017,16130000000,9.15%,GEBN.SW
2016,14780000000,16.28%,GEBN.SW
2015,12710000000,-0.96%,GEBN.SW
2014,12830000000,12.01%,GEBN.SW
2013,11450000000,33.76%,GEBN.SW
2012,8560000000,15.45%,GEBN.SW
2011,7420000000,-18.88%,GEBN.SW
2010,9140000000,31.73%,GEBN.SW
2009,6940000000,64.38%,GEBN.SW
2008,4220000000,-26.33%,GEBN.SW
2007,5730000000,,GEBN.SW
2025,6370000000,1.91%,GF.SW
2024,6250000000,5.21%,GF.SW
2023,5940000000,18.71%,GF.SW
2022,5000000000,-19.25%,GF.SW
2021,6200000000,17.17%,GF.SW
2020,5290000000,27.42%,GF.SW
2019,4150000000,26.92%,GF.SW
2018,3270000000,-39.17%,GF.SW
2017,5380000000,60.59%,GF.SW
2016,3350000000,19.31%,GF.SW
2015,2800000000,8.01%,GF.SW
2014,2600000000,-10%,GF.SW
2013,2880000000,74.7%,GF.SW
2012,1650000000,18.11%,GF.SW
2011,1400000000,-39.52%,GF.SW
2010,2310000000,123.03%,GF.SW
2009,1030000000,10.03%,GF.SW
2008,940000000,-62.64%,GF.SW
2007,2520000000,-4.88%,GF.SW
2006,2650000000,122.25%,GF.SW
2005,1190000000,32.18%,GF.SW
2004,900000000,31%,GF.SW
2003,680000000,,GF.SW
2025,40830000000,0.27%,GIVN.SW
2024,40720000000,6.6%,GIVN.SW
2023,38200000000,35.15%,GIVN.SW
2022,28260000000,-41.56%,GIVN.SW
2021,48360000000,23.99%,GIVN.SW
2020,39000000000,35.26%,GIVN.SW
2019,28830000000,35.19%,GIVN.SW
2018,21330000000,0.59%,GIVN.SW
2017,21200000000,25.63%,GIVN.SW
2016,16870000000,-0.5%,GIVN.SW
2015,16960000000,1.82%,GIVN.SW
2014,16660000000,26.27%,GIVN.SW
2013,13190000000,37.36%,GIVN.SW
2012,9600000000,9.28%,GIVN.SW
2011,8780000000,-10.45%,GIVN.SW
2010,9810000000,47.34%,GIVN.SW
2009,6660000000,17.62%,GIVN.SW
2008,5660000000,-17.22%,GIVN.SW
2007,6840000000,2.28%,GIVN.SW
2006,6680000000,33.57%,GIVN.SW
2005,5000000000,3.04%,GIVN.SW
2004,4850000000,17.01%,GIVN.SW
2003,4150000000,,GIVN.SW
2025,340000000,11.29%,GLKBN.SW
2024,310000000,-15.35%,GLKBN.SW
2023,360000000,1.46%,GLKBN.SW
2022,360000000,-10.48%,GLKBN.SW
2021,400000000,4.14%,GLKBN.SW
2020,380000000,-1.67%,GLKBN.SW
2019,390000000,19.91%,GLKBN.SW
2018,320000000,-9.36%,GLKBN.SW
2017,360000000,40.1%,GLKBN.SW
2016,250000000,15.88%,GLKBN.SW
2015,220000000,10.69%,GLKBN.SW
2014,200000000,,GLKBN.SW
2025,1450000000,2.13%,GRKP.SW
2024,1420000000,-4.88%,GRKP.SW
2023,1500000000,10.22%,GRKP.SW
2022,1360000000,8.51%,GRKP.SW
2021,1250000000,-0.58%,GRKP.SW
2020,1260000000,10.82%,GRKP.SW
2019,1130000000,13.41%,GRKP.SW
2018,1000000000,-6.07%,GRKP.SW
2017,1060000000,1.1%,GRKP.SW
2016,1050000000,-20.66%,GRKP.SW
2015,1330000000,26.05%,GRKP.SW
2014,1050000000,1.98%,GRKP.SW
2013,1030000000,9.84%,GRKP.SW
2012,940000000,0.9%,GRKP.SW
2011,930000000,-4.15%,GRKP.SW
2010,970000000,12.61%,GRKP.SW
2009,860000000,95.43%,GRKP.SW
2008,440000000,2.16%,GRKP.SW
2007,430000000,,GRKP.SW
2025,2590000000,3.06%,GT.SW
2024,2520000000,-37.9%,GT.SW
2023,4060000000,41.43%,GT.SW
2022,2870000000,-52.13%,GT.SW
2021,5990000000,135.78%,GT.SW
2020,2540000000,-29.82%,GT.SW
2019,3620000000,-23.52%,GT.SW
2018,4730000000,-40.46%,GT.SW
2017,7950000000,-1.24%,GT.SW
2016,8050000000,-7.61%,GT.SW
2015,8720000000,13.5%,GT.SW
2014,7680000000,29.93%,GT.SW
2013,5910000000,74.82%,GT.SW
2012,3380000000,-2.28%,GT.SW
2011,3460000000,20.25%,GT.SW
2010,2870000000,-15.68%,GT.SW
2009,3410000000,137.07%,GT.SW
2008,1440000000,-78.74%,GT.SW
2007,6770000000,81.14%,GT.SW
2006,3740000000,21.94%,GT.SW
2005,3060000000,19.15%,GT.SW
2004,2570000000,86.83%,GT.SW
2003,1370000000,15.43%,GT.SW
2002,1190000000,-69.27%,GT.SW
2001,3880000000,7.22%,GT.SW
2000,3620000000,-17.41%,GT.SW
1999,4380000000,-44.22%,GT.SW
1998,7860000000,-21.05%,GT.SW
1997,9960000000,24.27%,GT.SW
1996,8010000000,,GT.SW
2025,84020000,6.79%,GURN.SW
2024,78680000,-84.28%,GURN.SW
2023,500000000,0.11%,GURN.SW
2022,490000000,-37.24%,GURN.SW
2021,790000000,-39.47%,GURN.SW
2020,1310000000,82.39%,GURN.SW
2019,720000000,74.94%,GURN.SW
2018,410000000,-18.49%,GURN.SW
2017,500000000,36.15%,GURN.SW
2016,370000000,38.14%,GURN.SW
2015,260000000,47.81%,GURN.SW
2014,180000000,-23.49%,GURN.SW
2013,230000000,27.01%,GURN.SW
2012,180000000,2.47%,GURN.SW
2011,180000000,-29.03%,GURN.SW
2010,250000000,,GURN.SW
2007,350000000,-11.93%,GURN.SW
2006,390000000,-6.53%,GURN.SW
2005,420000000,21.24%,GURN.SW
2004,350000000,17.67%,GURN.SW
2003,290000000,,GURN.SW
2025,320000000,2.98%,HBLN.SW
2024,310000000,-9.67%,HBLN.SW
2023,350000000,9.91%,HBLN.SW
2022,310000000,-3.91%,HBLN.SW
2021,330000000,-3.89%,HBLN.SW
2020,340000000,1.82%,HBLN.SW
2019,330000000,6.33%,HBLN.SW
2018,310000000,-2.76%,HBLN.SW
2017,320000000,9.53%,HBLN.SW
2016,290000000,-0.77%,HBLN.SW
2015,300000000,-0.33%,HBLN.SW
2014,300000000,-6.59%,HBLN.SW
2013,320000000,-3.03%,HBLN.SW
2012,330000000,1.36%,HBLN.SW
2011,330000000,-0.38%,HBLN.SW
2010,330000000,8.15%,HBLN.SW
2009,300000000,,HBLN.SW
2025,1410000000,5.37%,HBMN.SW
2024,1340000000,-12.25%,HBMN.SW
2023,1530000000,1.4%,HBMN.SW
2022,1510000000,-41.42%,HBMN.SW
2021,2580000000,7.24%,HBMN.SW
2020,2400000000,,HBMN.SW
2025,10850000000,24.2%,HELN.SW
2024,8730000000,19.93%,HELN.SW
2023,7280000000,18.26%,HELN.SW
2022,6160000000,-0.83%,HELN.SW
2021,6210000000,11.11%,HELN.SW
2020,5590000000,,HELN.SW
2025,1080000000,13.75%,HIAG.SW
2024,950000000,-0.76%,HIAG.SW
2023,950000000,7.04%,HIAG.SW
2022,890000000,-14.56%,HIAG.SW
2021,1040000000,0.63%,HIAG.SW
2020,1040000000,16.83%,HIAG.SW
2019,890000000,-5.79%,HIAG.SW
2018,940000000,-5.1%,HIAG.SW
2017,990000000,21.35%,HIAG.SW
2016,820000000,10.32%,HIAG.SW
2015,740000000,10.37%,HIAG.SW
2014,670000000,,HIAG.SW
2025,61920000000,16.3%,HOLN.SW
2024,53240000000,18.81%,HOLN.SW
2023,44810000000,42.35%,HOLN.SW
2022,31470000000,1.09%,HOLN.SW
2021,31130000000,-7.7%,HOLN.SW
2020,33730000000,-0.84%,HOLN.SW
2019,34020000000,38.6%,HOLN.SW
2018,24540000000,-27.82%,HOLN.SW
2017,34010000000,6.47%,HOLN.SW
2016,31940000000,3.61%,HOLN.SW
2015,30830000000,31.08%,HOLN.SW
2014,23520000000,-3.98%,HOLN.SW
2013,24490000000,2.7%,HOLN.SW
2012,23850000000,39.53%,HOLN.SW
2011,17090000000,-29.34%,HOLN.SW
2010,24180000000,-5.93%,HOLN.SW
2009,25710000000,72.07%,HOLN.SW
2008,14940000000,-46.96%,HOLN.SW
2007,28170000000,20.79%,HOLN.SW
2006,23320000000,49.69%,HOLN.SW
2005,15580000000,16.26%,HOLN.SW
2004,13400000000,72.19%,HOLN.SW
2003,7780000000,,HOLN.SW
2025,1610000000,6.02%,HUBN.SW
2024,1520000000,1.45%,HUBN.SW
2023,1490000000,-14.64%,HUBN.SW
2022,1750000000,-4.42%,HUBN.SW
2021,1830000000,19.07%,HUBN.SW
2020,1540000000,0.04%,HUBN.SW
2019,1540000000,6.02%,HUBN.SW
2018,1450000000,43.3%,HUBN.SW
2017,1010000000,-5.85%,HUBN.SW
2016,1070000000,28.31%,HUBN.SW
2015,840000000,-8.82%,HUBN.SW
2014,920000000,-10.4%,HUBN.SW
2013,1020000000,18.56%,HUBN.SW
2012,860000000,5.97%,HUBN.SW
2011,810000000,-29.75%,HUBN.SW
2010,1160000000,43.88%,HUBN.SW
2009,810000000,37.33%,HUBN.SW
2008,590000000,86.33%,HUBN.SW
2007,310000000,58.85%,HUBN.SW
2006,190000000,118.21%,HUBN.SW
2005,91370000,-73.62%,HUBN.SW
2004,340000000,,HUBN.SW
2025,220000000,36.41%,IDIA.SW
2024,160000000,-62.43%,IDIA.SW
2023,440000000,-82.54%,IDIA.SW
2022,2570000000,-28.77%,IDIA.SW
2021,3600000000,-25.11%,IDIA.SW
2020,4810000000,,IDIA.SW
2025,2690000000,-5.36%,IFCN.SW
2024,2840000000,-18.8%,IFCN.SW
2023,3500000000,63.8%,IFCN.SW
2022,2130000000,-40.26%,IFCN.SW
2021,3570000000,60.07%,IFCN.SW
2020,2230000000,,IFCN.SW
2025,870000000,38.59%,IMPN.SW
2024,620000000,-5.84%,IMPN.SW
2023,660000000,-12.25%,IMPN.SW
2022,760000000,81.74%,IMPN.SW
2021,410000000,-16.84%,IMPN.SW
2020,500000000,-32.78%,IMPN.SW
2019,740000000,20.86%,IMPN.SW
2018,610000000,-49.76%,IMPN.SW
2017,1230000000,-9.01%,IMPN.SW
2016,1350000000,42.99%,IMPN.SW
2015,940000000,-11.5%,IMPN.SW
2014,1070000000,-20.55%,IMPN.SW
2013,1340000000,67.68%,IMPN.SW
2012,800000000,74.56%,IMPN.SW
2011,460000000,-26.3%,IMPN.SW
2010,620000000,20.53%,IMPN.SW
2009,510000000,0.84%,IMPN.SW
2008,510000000,-8.76%,IMPN.SW
2007,560000000,49.83%,IMPN.SW
2006,370000000,,IMPN.SW
2025,2180000000,18.95%,INRN.SW
2024,1830000000,-29.52%,INRN.SW
2023,2600000000,25.14%,INRN.SW
2022,2080000000,-43.44%,INRN.SW
2021,3680000000,45.87%,INRN.SW
2020,2520000000,,INRN.SW
2025,1660000000,6.6%,IREN.SW
2024,1560000000,5.82%,IREN.SW
2023,1470000000,5.67%,IREN.SW
2022,1390000000,-3.93%,IREN.SW
2021,1450000000,10.31%,IREN.SW
2020,1310000000,23.81%,IREN.SW
2019,1060000000,33.55%,IREN.SW
2018,790000000,-3.09%,IREN.SW
2017,820000000,14.99%,IREN.SW
2016,710000000,,IREN.SW
2025,1420000000,9.15%,ISN.SW
2024,1300000000,-2.93%,ISN.SW
2023,1340000000,11.84%,ISN.SW
2022,1200000000,-5.3%,ISN.SW
2021,1270000000,-4.04%,ISN.SW
2020,1320000000,20.44%,ISN.SW
2019,1100000000,11.76%,ISN.SW
2018,980000000,-1.06%,ISN.SW
2017,990000000,1.02%,ISN.SW
2016,980000000,20.91%,ISN.SW
2015,810000000,13.12%,ISN.SW
2014,720000000,-9.17%,ISN.SW
2013,790000000,6.11%,ISN.SW
2012,740000000,4.55%,ISN.SW
2011,710000000,4.8%,ISN.SW
2010,680000000,12.71%,ISN.SW
2009,600000000,5.44%,ISN.SW
2008,570000000,-1.79%,ISN.SW
2007,580000000,10.46%,ISN.SW
2006,520000000,38.13%,ISN.SW
2005,380000000,-3.25%,ISN.SW
2004,390000000,,ISN.SW
2025,1180000000,11.11%,JFN.SW
2024,1060000000,-3.8%,JFN.SW
2023,1100000000,41.5%,JFN.SW
2022,780000000,-8.52%,JFN.SW
2021,850000000,-5.63%,JFN.SW
2020,900000000,-8.69%,JFN.SW
2019,990000000,33.55%,JFN.SW
2018,740000000,-1.8%,JFN.SW
2017,750000000,35.81%,JFN.SW
2016,550000000,-0.15%,JFN.SW
2015,550000000,25.85%,JFN.SW
2014,440000000,4.01%,JFN.SW
2013,420000000,6.05%,JFN.SW
2012,400000000,21.41%,JFN.SW
2011,330000000,5.14%,JFN.SW
2010,310000000,,JFN.SW
2025,2140000000,-7.72%,KARN.SW
2024,2320000000,16.36%,KARN.SW
2023,2000000000,57.63%,KARN.SW
2022,1260000000,-49.89%,KARN.SW
2021,2530000000,49.54%,KARN.SW
2020,1690000000,34.63%,KARN.SW
2019,1250000000,-3.98%,KARN.SW
2018,1300000000,38.26%,KARN.SW
2017,940000000,31.08%,KARN.SW
2016,720000000,24.87%,KARN.SW
2015,570000000,57.52%,KARN.SW
2014,360000000,6.31%,KARN.SW
2013,340000000,71.57%,KARN.SW
2012,200000000,104.67%,KARN.SW
2011,98420000,-37.88%,KARN.SW
2010,150000000,-14.58%,KARN.SW
2009,180000000,33%,KARN.SW
2008,130000000,-55.46%,KARN.SW
2007,310000000,30.18%,KARN.SW
2006,240000000,-8.55%,KARN.SW
2005,260000000,2758.4%,KARN.SW
2004,9200000,,KARN.SW
2025,120000000,-3.88%,KLIN.SW
2024,120000000,-26.13%,KLIN.SW
2023,170000000,20.13%,KLIN.SW
2022,140000000,-19.59%,KLIN.SW
2021,170000000,-18.34%,KLIN.SW
2020,210000000,-1.83%,KLIN.SW
2019,220000000,-35.89%,KLIN.SW
2018,340000000,,KLIN.SW
2025,28570000000,5.02%,KNIN.SW
2024,27210000000,-33.94%,KNIN.SW
2023,41190000000,48.03%,KNIN.SW
2022,27820000000,-28.23%,KNIN.SW
2021,38770000000,42.1%,KNIN.SW
2020,27280000000,35.19%,KNIN.SW
2019,20180000000,31.23%,KNIN.SW
2018,15380000000,-27%,KNIN.SW
2017,21070000000,32.85%,KNIN.SW
2016,15860000000,-5.12%,KNIN.SW
2015,16710000000,1.82%,KNIN.SW
2014,16410000000,3.71%,KNIN.SW
2013,15830000000,9.69%,KNIN.SW
2012,14430000000,7.8%,KNIN.SW
2011,13380000000,-19.21%,KNIN.SW
2010,16570000000,43.94%,KNIN.SW
2009,11510000000,50.55%,KNIN.SW
2008,7640000000,,KNIN.SW
2025,660000000,1.67%,KOMN.SW
2024,650000000,-46.29%,KOMN.SW
2023,1220000000,-14.38%,KOMN.SW
2022,1420000000,34.3%,KOMN.SW
2021,1060000000,38.36%,KOMN.SW
2020,760000000,-18.03%,KOMN.SW
2019,930000000,4.5%,KOMN.SW
2018,890000000,-28.36%,KOMN.SW
2017,1250000000,35.49%,KOMN.SW
2016,920000000,27.65%,KOMN.SW
2015,720000000,38.23%,KOMN.SW
2014,520000000,-1.76%,KOMN.SW
2013,530000000,100.69%,KOMN.SW
2012,260000000,6.64%,KOMN.SW
2011,240000000,-32.24%,KOMN.SW
2010,360000000,55.97%,KOMN.SW
2009,230000000,34.7%,KOMN.SW
2008,170000000,-67.4%,KOMN.SW
2007,530000000,29.71%,KOMN.SW
2006,410000000,76.79%,KOMN.SW
2005,230000000,-25.3%,KOMN.SW
2004,310000000,40%,KOMN.SW
2003,220000000,,KOMN.SW
2025,820000000,-10.25%,KURN.SW
2024,920000000,506.43%,KURN.SW
2023,150000000,161.59%,KURN.SW
2022,58150000,-15.83%,KURN.SW
2021,69090000,-8.05%,KURN.SW
2020,75140000,32.31%,KURN.SW
2019,56790000,61.28%,KURN.SW
2018,35210000,-64.65%,KURN.SW
2017,99600000,367.34%,KURN.SW
2016,21310000,-46.26%,KURN.SW
2015,39660000,499.81%,KURN.SW
2014,6610000,-93.22%,KURN.SW
2013,97500000,55.89%,KURN.SW
2012,62540000,470.98%,KURN.SW
2011,10950000,-84.46%,KURN.SW
2010,70490000,11.12%,KURN.SW
2009,63430000,-49.79%,KURN.SW
2008,120000000,-67.83%,KURN.SW
2007,390000000,-18.29%,KURN.SW
2006,480000000,155.24%,KURN.SW
2005,180000000,,KURN.SW
2025,1830000000,-1.28%,LAND.SW
2024,1850000000,-28.79%,LAND.SW
2023,2600000000,28.2%,LAND.SW
2022,2030000000,4.43%,LAND.SW
2021,1940000000,-14.13%,LAND.SW
2020,2260000000,,LAND.SW
2025,180000000,12.32%,LECN.SW
2024,160000000,-51.92%,LECN.SW
2023,340000000,39.38%,LECN.SW
2022,240000000,9.52%,LECN.SW
2021,220000000,-32.27%,LECN.SW
2020,330000000,49.15%,LECN.SW
2019,220000000,-7%,LECN.SW
2018,230000000,27.32%,LECN.SW
2017,180000000,66.22%,LECN.SW
2016,110000000,26.46%,LECN.SW
2015,89000000,-17.13%,LECN.SW
2014,100000000,87.48%,LECN.SW
2013,57280000,145.65%,LECN.SW
2012,23320000,-64.51%,LECN.SW
2011,65710000,-32.23%,LECN.SW
2010,96950000,12.75%,LECN.SW
2009,85990000,181.6%,LECN.SW
2008,30530000,18.64%,LECN.SW
2007,25730000,,LECN.SW
2025,990000000,5.3%,LEHN.SW
2024,940000000,-66.32%,LEHN.SW
2023,2800000000,26.77%,LEHN.SW
2022,2210000000,-30.06%,LEHN.SW
2021,3160000000,41.82%,LEHN.SW
2020,2230000000,,LEHN.SW
2025,340000000,-10%,LEON.SW
2024,380000000,-47.35%,LEON.SW
2023,730000000,-14.81%,LEON.SW
2022,860000000,-38.22%,LEON.SW
2021,1390000000,89.87%,LEON.SW
2020,730000000,16.4%,LEON.SW
2019,630000000,-19.05%,LEON.SW
2018,770000000,-23.13%,LEON.SW
2017,1010000000,92.49%,LEON.SW
2016,520000000,-77.5%,LEON.SW
2015,2340000000,21.16%,LEON.SW
2014,1930000000,140.45%,LEON.SW
2013,800000000,,LEON.SW
2025,30370000000,17.92%,LISP.SW
2024,25750000000,-8.78%,LISP.SW
2023,28230000000,16.73%,LISP.SW
2022,24180000000,-26.19%,LISP.SW
2021,32770000000,39.15%,LISP.SW
2020,23550000000,18.75%,LISP.SW
2019,19830000000,19.76%,LISP.SW
2018,16560000000,3.36%,LISP.SW
2017,16020000000,19.94%,LISP.SW
2016,13350000000,-18.25%,LISP.SW
2015,16340000000,31.48%,LISP.SW
2014,12420000000,8.41%,LISP.SW
2013,11460000000,44.14%,LISP.SW
2012,7950000000,6.54%,LISP.SW
2011,7460000000,,LISP.SW
2025,760740000000,8.01%,LLY.SW
2024,704310000000,27.28%,LLY.SW
2023,553360000000,59.19%,LLY.SW
2022,347610000000,31.56%,LLY.SW
2021,264220000000,63.6%,LLY.SW
2020,161500000000,28.34%,LLY.SW
2019,125840000000,2.83%,LLY.SW
2018,122380000000,31.6%,LLY.SW
2017,92990000000,14.54%,LLY.SW
2016,81190000000,-12.81%,LLY.SW
2015,93120000000,21.54%,LLY.SW
2014,76620000000,34.53%,LLY.SW
2013,56950000000,0.73%,LLY.SW
2012,56540000000,17.52%,LLY.SW
2011,48110000000,19.17%,LLY.SW
2010,40370000000,-1.6%,LLY.SW
2009,41030000000,-10.38%,LLY.SW
2008,45780000000,-24.4%,LLY.SW
2007,60560000000,2.72%,LLY.SW
2006,58950000000,-7.81%,LLY.SW
2005,63950000000,-0.44%,LLY.SW
2004,64230000000,-18.72%,LLY.SW
2003,79030000000,10.88%,LLY.SW
2002,71270000000,-19.21%,LLY.SW
2001,88220000000,-15.85%,LLY.SW
2000,104840000000,44.61%,LLY.SW
1999,72500000000,-25.6%,LLY.SW
1998,97440000000,26.03%,LLY.SW
1997,77320000000,90.29%,LLY.SW
1996,40630000000,,LLY.SW
2025,13520000000,6.95%,LOGN.SW
2024,12640000000,-15.16%,LOGN.SW
2023,14900000000,48.1%,LOGN.SW
2022,10060000000,-28.12%,LOGN.SW
2021,14000000000,-15.84%,LOGN.SW
2020,16630000000,110.33%,LOGN.SW
2019,7900000000,51.93%,LOGN.SW
2018,5200000000,-5.7%,LOGN.SW
2017,5520000000,36.53%,LOGN.SW
2016,4040000000,59.28%,LOGN.SW
2015,2530000000,13.66%,LOGN.SW
2014,2230000000,0.25%,LOGN.SW
2013,2220000000,85.75%,LOGN.SW
2012,1190000000,-10.95%,LOGN.SW
2011,1340000000,-59.2%,LOGN.SW
2010,3300000000,9.86%,LOGN.SW
2009,3000000000,8.08%,LOGN.SW
2008,2780000000,-58.14%,LOGN.SW
2007,6640000000,27.08%,LOGN.SW
2006,5220000000,15.27%,LOGN.SW
2005,4530000000,55.9%,LOGN.SW
2004,2900000000,42.77%,LOGN.SW
2003,2030000000,39.12%,LOGN.SW
2002,1460000000,-8.68%,LOGN.SW
2001,1600000000,54.52%,LOGN.SW
2000,1030000000,267.31%,LOGN.SW
1999,280000000,148.15%,LOGN.SW
1998,110000000,-24.16%,LOGN.SW
1997,150000000,,LOGN.SW
2025,46170000000,7.38%,LONN.SW
2024,43000000000,37.75%,LONN.SW
2023,31220000000,-14.11%,LONN.SW
2022,36340000000,-41.3%,LONN.SW
2021,61910000000,29.24%,LONN.SW
2020,47900000000,76.86%,LONN.SW
2019,27080000000,40.9%,LONN.SW
2018,19220000000,-3.87%,LONN.SW
2017,19990000000,104.42%,LONN.SW
2016,9780000000,5%,LONN.SW
2015,9310000000,46.19%,LONN.SW
2014,6370000000,19.12%,LONN.SW
2013,5350000000,76.5%,LONN.SW
2012,3030000000,-0.5%,LONN.SW
2011,3040000000,-27.61%,LONN.SW
2010,4200000000,14.16%,LONN.SW
2009,3680000000,-17.51%,LONN.SW
2008,4460000000,,LONN.SW
2025,3870000000,11.45%,LUKN.SW
2024,3470000000,-18.06%,LUKN.SW
2023,4240000000,11.81%,LUKN.SW
2022,3790000000,-1.56%,LUKN.SW
2021,3850000000,0.07%,LUKN.SW
2020,3850000000,,LUKN.SW
2025,51760000,-34.17%,MBTN.SW
2024,78620000,-90.56%,MBTN.SW
2023,830000000,-59.86%,MBTN.SW
2022,2070000000,75.6%,MBTN.SW
2021,1180000000,23.93%,MBTN.SW
2020,950000000,262.75%,MBTN.SW
2019,260000000,-29.75%,MBTN.SW
2018,370000000,-64.68%,MBTN.SW
2017,1050000000,224.43%,MBTN.SW
2016,320000000,-40.2%,MBTN.SW
2015,540000000,-6.86%,MBTN.SW
2014,580000000,-42.06%,MBTN.SW
2013,1010000000,185.71%,MBTN.SW
2012,350000000,-52.22%,MBTN.SW
2011,740000000,-47.83%,MBTN.SW
2010,1420000000,73.36%,MBTN.SW
2009,810000000,135.51%,MBTN.SW
2008,340000000,-68.17%,MBTN.SW
2007,1090000000,681.29%,MBTN.SW
2006,130000000,,MBTN.SW
2025,120000000,-6.17%,MCHN.SW
2024,130000000,-12.38%,MCHN.SW
2023,150000000,-0.88%,MCHN.SW
2022,150000000,6.29%,MCHN.SW
2021,140000000,-28.12%,MCHN.SW
2020,200000000,25.06%,MCHN.SW
2019,160000000,32.85%,MCHN.SW
2018,120000000,-70.21%,MCHN.SW
2017,400000000,0.38%,MCHN.SW
2016,400000000,7.23%,MCHN.SW
2015,370000000,-3.5%,MCHN.SW
2014,390000000,-2.34%,MCHN.SW
2013,400000000,12.39%,MCHN.SW
2012,350000000,47.15%,MCHN.SW
2011,240000000,0.23%,MCHN.SW
2010,240000000,33.64%,MCHN.SW
2009,180000000,15.46%,MCHN.SW
2008,150000000,-51.78%,MCHN.SW
2007,320000000,85.97%,MCHN.SW
2006,170000000,28.86%,MCHN.SW
2005,130000000,72.89%,MCHN.SW
2004,78890000,38.47%,MCHN.SW
2003,56970000,,MCHN.SW
2025,490000000,25.22%,MEDX.SW
2024,390000000,-57.32%,MEDX.SW
2023,920000000,18.08%,MEDX.SW
2022,780000000,-61.5%,MEDX.SW
2021,2030000000,,MEDX.SW
2025,1170000000,31.13%,MED.SW
2024,890000000,-27.26%,MED.SW
2023,1230000000,17.33%,MED.SW
2022,1050000000,-37.49%,MED.SW
2021,1680000000,170.99%,MED.SW
2020,620000000,17.19%,MED.SW
2019,530000000,-19.84%,MED.SW
2018,660000000,,MED.SW
2025,560000000,0.17%,METN.SW
2024,560000000,-30.64%,METN.SW
2023,810000000,-12.95%,METN.SW
2022,930000000,-7.58%,METN.SW
2021,1010000000,32.51%,METN.SW
2020,760000000,-24.4%,METN.SW
2019,1000000000,-11.45%,METN.SW
2018,1130000000,-32.98%,METN.SW
2017,1700000000,19.3%,METN.SW
2016,1420000000,26.69%,METN.SW
2015,1120000000,4.88%,METN.SW
2014,1070000000,-9.3%,METN.SW
2013,1180000000,25.5%,METN.SW
2012,940000000,-45.87%,METN.SW
2011,1740000000,4.07%,METN.SW
2010,1670000000,58.38%,METN.SW
2009,1050000000,21.39%,METN.SW
2008,870000000,-39.86%,METN.SW
2007,1440000000,42.02%,METN.SW
2006,1010000000,,METN.SW
2025,310000000,21.08%,MIKN.SW
2024,250000000,-14.69%,MIKN.SW
2023,300000000,92.19%,MIKN.SW
2022,150000000,13.04%,MIKN.SW
2021,130000000,38.12%,MIKN.SW
2020,100000000,-11.98%,MIKN.SW
2019,110000000,1.83%,MIKN.SW
2018,110000000,-10.63%,MIKN.SW
2017,120000000,25.18%,MIKN.SW
2016,100000000,-0.23%,MIKN.SW
2015,100000000,-15.74%,MIKN.SW
2014,110000000,2.05%,MIKN.SW
2013,110000000,26.58%,MIKN.SW
2012,92110000,-2.24%,MIKN.SW
2011,94220000,-23.16%,MIKN.SW
2010,120000000,16.75%,MIKN.SW
2009,100000000,13.01%,MIKN.SW
2008,92940000,-49.43%,MIKN.SW
2007,180000000,-6.43%,MIKN.SW
2006,190000000,-1.85%,MIKN.SW
2005,200000000,-13.88%,MIKN.SW
2004,230000000,1.28%,MIKN.SW
2003,220000000,,MIKN.SW
2025,81170000000,14.5%,MMM.SW
2024,70890000000,17.41%,MMM.SW
2023,60370000000,-8.91%,MMM.SW
2022,66280000000,-34.74%,MMM.SW
2021,101570000000,0.75%,MMM.SW
2020,100820000000,-0.64%,MMM.SW
2019,101470000000,-7.63%,MMM.SW
2018,109860000000,-21.63%,MMM.SW
2017,140180000000,30.52%,MMM.SW
2016,107400000000,17.01%,MMM.SW
2015,91780000000,-12.05%,MMM.SW
2014,104360000000,12.19%,MMM.SW
2013,93020000000,45.82%,MMM.SW
2012,63790000000,11.38%,MMM.SW
2011,57280000000,-6.78%,MMM.SW
2010,61440000000,4.59%,MMM.SW
2009,58740000000,47.33%,MMM.SW
2008,39870000000,-33.18%,MMM.SW
2007,59670000000,4.27%,MMM.SW
2006,57220000000,-2.19%,MMM.SW
2005,58510000000,-7.83%,MMM.SW
2004,63480000000,-4.79%,MMM.SW
2003,66670000000,38.58%,MMM.SW
2002,48110000000,4.01%,MMM.SW
2001,46250000000,-3.08%,MMM.SW
2000,47720000000,22.3%,MMM.SW
1999,39020000000,36.51%,MMM.SW
1998,28580000000,-13.93%,MMM.SW
1997,33210000000,-4%,MMM.SW
1996,34590000000,,MMM.SW
2025,2560000000,9.35%,MOBN.SW
2024,2340000000,4.25%,MOBN.SW
2023,2250000000,21.47%,MOBN.SW
2022,1850000000,-15.9%,MOBN.SW
2021,2200000000,3.1%,MOBN.SW
2020,2130000000,12.98%,MOBN.SW
2019,1890000000,21.34%,MOBN.SW
2018,1560000000,-6.55%,MOBN.SW
2017,1660000000,7.43%,MOBN.SW
2016,1550000000,15.55%,MOBN.SW
2015,1340000000,7.96%,MOBN.SW
2014,1240000000,-5.52%,MOBN.SW
2013,1310000000,-6.95%,MOBN.SW
2012,1410000000,3.62%,MOBN.SW
2011,1360000000,64.19%,MOBN.SW
2010,830000000,18.64%,MOBN.SW
2009,700000000,39.07%,MOBN.SW
2008,500000000,-8.04%,MOBN.SW
2007,540000000,-2.69%,MOBN.SW
2006,560000000,,MOBN.SW
2025,150000000,-19.79%,MOLN.SW
2024,190000000,39.17%,MOLN.SW
2023,140000000,-40.68%,MOLN.SW
2022,230000000,-62.39%,MOLN.SW
2021,620000000,,MOLN.SW
2018,410000000,-26.43%,MOLN.SW
2017,550000000,,MOLN.SW
2025,2830000000,18.3%,MOVE.SW
2024,2390000000,-19.59%,MOVE.SW
2023,2980000000,33.84%,MOVE.SW
2022,2220000000,-28.3%,MOVE.SW
2021,3100000000,56.32%,MOVE.SW
2020,1980000000,18.45%,MOVE.SW
2019,1670000000,,MOVE.SW
2025,630000000,26.83%,MOZN.SW
2024,500000000,-28.54%,MOZN.SW
2023,700000000,-1.56%,MOZN.SW
2022,710000000,8.54%,MOZN.SW
2021,650000000,28.87%,MOZN.SW
2020,510000000,1.97%,MOZN.SW
2019,500000000,10.8%,MOZN.SW
2018,450000000,6.5%,MOZN.SW
2017,420000000,-7.29%,MOZN.SW
2016,450000000,-2%,MOZN.SW
2015,460000000,36.09%,MOZN.SW
2014,340000000,-8.98%,MOZN.SW
2013,370000000,0.11%,MOZN.SW
2012,370000000,4.52%,MOZN.SW
2011,360000000,-10.25%,MOZN.SW
2010,400000000,49.04%,MOZN.SW
2009,260000000,16.68%,MOZN.SW
2008,230000000,-5.01%,MOZN.SW
2007,240000000,7.47%,MOZN.SW
2006,220000000,48.33%,MOZN.SW
2005,150000000,12.74%,MOZN.SW
2004,130000000,95.95%,MOZN.SW
2003,69090000,,MOZN.SW
2025,410000000,21.74%,MTG.SW
2024,340000000,-30.99%,MTG.SW
2023,490000000,-3.32%,MTG.SW
2022,510000000,118.05%,MTG.SW
2021,230000000,39.15%,MTG.SW
2020,160000000,-2.5%,MTG.SW
2019,170000000,-5.22%,MTG.SW
2018,180000000,-61.83%,MTG.SW
2017,470000000,85.35%,MTG.SW
2016,250000000,-4.55%,MTG.SW
2015,270000000,-56.25%,MTG.SW
2014,610000000,-45.25%,MTG.SW
2013,1130000000,-3.45%,MTG.SW
2012,1170000000,264.35%,MTG.SW
2011,320000000,7.06%,MTG.SW
2010,300000000,118.2%,MTG.SW
2009,130000000,67.44%,MTG.SW
2008,82200000,-72.69%,MTG.SW
2007,300000000,85.16%,MTG.SW
2006,160000000,67.23%,MTG.SW
2005,97210000,18.45%,MTG.SW
2004,82060000,-68.36%,MTG.SW
2003,250000000,,MTG.SW
2025,1260000000,1.64%,NEAG.SW
2024,1240000000,-18.41%,NEAG.SW
2023,1520000000,-4.8%,NEAG.SW
2022,1600000000,-4.53%,NEAG.SW
2021,1680000000,58.86%,NEAG.SW
2020,1050000000,-5.44%,NEAG.SW
2019,1110000000,12.9%,NEAG.SW
2018,990000000,12.44%,NEAG.SW
2017,880000000,12.24%,NEAG.SW
2016,780000000,-3.13%,NEAG.SW
2015,810000000,-21.65%,NEAG.SW
2014,1030000000,-5.59%,NEAG.SW
2013,1090000000,-23.15%,NEAG.SW
2012,1420000000,-15.57%,NEAG.SW
2011,1680000000,-2.2%,NEAG.SW
2010,1720000000,-8.48%,NEAG.SW
2009,1880000000,14.9%,NEAG.SW
2008,1640000000,12.56%,NEAG.SW
2007,1450000000,26.65%,NEAG.SW
2006,1150000000,38.28%,NEAG.SW
2005,830000000,0.35%,NEAG.SW
2004,830000000,,NEAG.SW
2025,266730000000,25.76%,NESN.SW
2024,212100000000,-31.39%,NESN.SW
2023,309150000000,-2.96%,NESN.SW
2022,318590000000,-17.23%,NESN.SW
2021,384890000000,15.55%,NESN.SW
2020,333080000000,6.91%,NESN.SW
2019,311540000000,29.1%,NESN.SW
2018,241320000000,-9.02%,NESN.SW
2017,265250000000,19.74%,NESN.SW
2016,221530000000,-4.82%,NESN.SW
2015,232740000000,-0.46%,NESN.SW
2014,233810000000,-0.4%,NESN.SW
2013,234760000000,12.73%,NESN.SW
2012,208250000000,11.33%,NESN.SW
2011,187060000000,-1.97%,NESN.SW
2010,190810000000,13.23%,NESN.SW
2009,168530000000,16.85%,NESN.SW
2008,144220000000,-16.56%,NESN.SW
2007,172840000000,20.65%,NESN.SW
2006,143260000000,18.88%,NESN.SW
2005,120510000000,14.49%,NESN.SW
2004,105250000000,4.39%,NESN.SW
2003,100830000000,-24.62%,NESN.SW
2002,133750000000,-17.23%,NESN.SW
2001,161600000000,-53.17%,NESN.SW
2000,345110000000,29.59%,NESN.SW
1999,266320000000,-2.44%,NESN.SW
1998,272990000000,,NESN.SW
2025,8590000000,10.74%,NIBEB.SW
2024,7760000000,-45.13%,NIBEB.SW
2023,14150000000,-22.45%,NIBEB.SW
2022,18240000000,-40.12%,NIBEB.SW
2021,30470000000,83.58%,NIBEB.SW
2020,16590000000,89.51%,NIBEB.SW
2019,8750000000,71.65%,NIBEB.SW
2018,5100000000,6.21%,NIBEB.SW
2017,4800000000,14.78%,NIBEB.SW
2016,4180000000,12.21%,NIBEB.SW
2015,3730000000,30.55%,NIBEB.SW
2014,2850000000,14.58%,NIBEB.SW
2013,2490000000,56.85%,NIBEB.SW
2012,1580000000,8.32%,NIBEB.SW
2011,1460000000,2.63%,NIBEB.SW
2010,1430000000,56.21%,NIBEB.SW
2009,910000000,71.91%,NIBEB.SW
2008,530000000,-53.05%,NIBEB.SW
2007,1130000000,-28.05%,NIBEB.SW
2006,1570000000,777.16%,NIBEB.SW
2005,170000000,-72.37%,NIBEB.SW
2004,650000000,56.45%,NIBEB.SW
2003,410000000,,NIBEB.SW
2025,224570000000,14.17%,NOVN.SW
2024,196700000000,-5.22%,NOVN.SW
2023,207530000000,6.35%,NOVN.SW
2022,195130000000,-0.68%,NOVN.SW
2021,196460000000,-9.78%,NOVN.SW
2020,217770000000,1.37%,NOVN.SW
2019,214830000000,8.9%,NOVN.SW
2018,197280000000,0.05%,NOVN.SW
2017,197180000000,13.99%,NOVN.SW
2016,172980000000,-17.02%,NOVN.SW
2015,208460000000,-6.94%,NOVN.SW
2014,224010000000,15.09%,NOVN.SW
2013,194640000000,27.77%,NOVN.SW
2012,152330000000,10.31%,NOVN.SW
2011,138090000000,2.61%,NOVN.SW
2010,134580000000,7.64%,NOVN.SW
2009,125030000000,10.95%,NOVN.SW
2008,112690000000,-8.36%,NOVN.SW
2007,122980000000,-8.82%,NOVN.SW
2006,134880000000,10.03%,NOVN.SW
2005,122580000000,-0.05%,NOVN.SW
2004,122650000000,8.31%,NOVN.SW
2003,113240000000,24.58%,NOVN.SW
2002,90900000000,-2.26%,NOVN.SW
2001,93000000000,-20.27%,NOVN.SW
2000,116640000000,21.34%,NOVN.SW
1999,96130000000,-28.38%,NOVN.SW
1998,134220000000,,NOVN.SW
2025,180000000,-0.01%,NWRN.SW
2024,180000000,78.95%,NWRN.SW
2023,100000000,250.9%,NWRN.SW
2022,29940000,-5.37%,NWRN.SW
2021,31630000,-27.3%,NWRN.SW
2020,43520000,-62.8%,NWRN.SW
2019,110000000,14.94%,NWRN.SW
2018,100000000,-52.05%,NWRN.SW
2017,210000000,-24.53%,NWRN.SW
2016,280000000,-23.66%,NWRN.SW
2015,360000000,6.58%,NWRN.SW
2014,340000000,57.04%,NWRN.SW
2013,220000000,119.44%,NWRN.SW
2012,100000000,488.81%,NWRN.SW
2011,17030000,-61.42%,NWRN.SW
2010,44150000,-62.76%,NWRN.SW
2009,110000000,47.77%,NWRN.SW
2008,80240000,-69.47%,NWRN.SW
2007,260000000,3.09%,NWRN.SW
2006,250000000,,NWRN.SW
2025,360000000,0.22%,ODHN.SW
2024,360000000,8.09%,ODHN.SW
2023,330000000,5.44%,ODHN.SW
2022,320000000,-31.98%,ODHN.SW
2021,470000000,12.71%,ODHN.SW
2020,420000000,-33.22%,ODHN.SW
2019,620000000,4.68%,ODHN.SW
2018,600000000,31.76%,ODHN.SW
2017,450000000,125.2%,ODHN.SW
2016,200000000,-51.57%,ODHN.SW
2015,410000000,-19.39%,ODHN.SW
2014,510000000,11.52%,ODHN.SW
2013,460000000,17.8%,ODHN.SW
2012,390000000,-8.41%,ODHN.SW
2011,430000000,-74.43%,ODHN.SW
2010,1680000000,8.41%,ODHN.SW
2009,1550000000,117.64%,ODHN.SW
2008,710000000,,ODHN.SW
2025,1510000000,19.57%,OERL.SW
2024,1260000000,-13.55%,OERL.SW
2023,1460000000,-31.64%,OERL.SW
2022,2140000000,-36.07%,OERL.SW
2021,3340000000,-1%,OERL.SW
2020,3380000000,,OERL.SW
2025,140000000,-50.39%,ORON.SW
2024,300000000,-46.31%,ORON.SW
2023,550000000,8.08%,ORON.SW
2022,510000000,-19.36%,ORON.SW
2021,640000000,15.51%,ORON.SW
2020,550000000,-7.62%,ORON.SW
2019,600000000,14.18%,ORON.SW
2018,520000000,12.5%,ORON.SW
2017,460000000,7.86%,ORON.SW
2016,430000000,19.04%,ORON.SW
2015,360000000,11.19%,ORON.SW
2014,320000000,-5.31%,ORON.SW
2013,340000000,4.71%,ORON.SW
2012,330000000,8.35%,ORON.SW
2011,300000000,-11.72%,ORON.SW
2010,340000000,,ORON.SW
2025,200000000,1.33%,PEHN.SW
2024,200000000,-6.31%,PEHN.SW
2023,210000000,13.43%,PEHN.SW
2022,190000000,-27.81%,PEHN.SW
2021,260000000,54.22%,PEHN.SW
2020,170000000,9.91%,PEHN.SW
2019,150000000,-1.33%,PEHN.SW
2018,150000000,-25.3%,PEHN.SW
2017,210000000,14.86%,PEHN.SW
2016,180000000,9.39%,PEHN.SW
2015,160000000,-15.63%,PEHN.SW
2014,200000000,-6.9%,PEHN.SW
2013,210000000,17.39%,PEHN.SW
2012,180000000,22.63%,PEHN.SW
2011,150000000,1.27%,PEHN.SW
2010,140000000,17.33%,PEHN.SW
2009,120000000,5.01%,PEHN.SW
2008,120000000,-47.37%,PEHN.SW
2007,220000000,60.67%,PEHN.SW
2006,140000000,19.02%,PEHN.SW
2005,110000000,-21.9%,PEHN.SW
2004,150000000,68.09%,PEHN.SW
2003,91140000,,PEHN.SW
2025,200710000000,-4.31%,PEP.SW
2024,209760000000,-10.17%,PEP.SW
2023,233500000000,-6.18%,PEP.SW
2022,248890000000,3.63%,PEP.SW
2021,240180000000,17.19%,PEP.SW
2020,204940000000,7.8%,PEP.SW
2019,190100000000,22.13%,PEP.SW
2018,155660000000,-8.72%,PEP.SW
2017,170540000000,13.65%,PEP.SW
2016,150050000000,3.71%,PEP.SW
2015,144680000000,2.83%,PEP.SW
2014,140700000000,10.95%,PEP.SW
2013,126810000000,20.03%,PEP.SW
2012,105650000000,1.85%,PEP.SW
2011,103730000000,0.43%,PEP.SW
2010,103280000000,8.55%,PEP.SW
2009,95150000000,11.86%,PEP.SW
2008,85060000000,-30.17%,PEP.SW
2007,121810000000,18.9%,PEP.SW
2006,102450000000,4.72%,PEP.SW
2005,97830000000,11.63%,PEP.SW
2004,87640000000,10.26%,PEP.SW
2003,79480000000,9.33%,PEP.SW
2002,72700000000,-14.97%,PEP.SW
2001,85490000000,18.56%,PEP.SW
2000,72110000000,40.6%,PEP.SW
1999,51280000000,-14.7%,PEP.SW
1998,60120000000,9.86%,PEP.SW
1997,54720000000,19.94%,PEP.SW
1996,45620000000,,PEP.SW
2025,38710000000,8.51%,PGHN.SW
2024,35680000000,-4.55%,PGHN.SW
2023,37380000000,62.29%,PGHN.SW
2022,23030000000,-47.13%,PGHN.SW
2021,43560000000,40.15%,PGHN.SW
2020,31080000000,28.43%,PGHN.SW
2019,24200000000,50.79%,PGHN.SW
2018,16050000000,-11.26%,PGHN.SW
2017,18080000000,45.95%,PGHN.SW
2016,12390000000,28.85%,PGHN.SW
2015,9610000000,25.45%,PGHN.SW
2014,7660000000,10.95%,PGHN.SW
2013,6910000000,17.2%,PGHN.SW
2012,5890000000,33.23%,PGHN.SW
2011,4420000000,-5.78%,PGHN.SW
2010,4690000000,39.33%,PGHN.SW
2009,3370000000,89.6%,PGHN.SW
2008,1770000000,,PGHN.SW
2025,680000000,-3.9%,PKTM.SW
2024,710000000,-61.02%,PKTM.SW
2023,1830000000,-25.29%,PKTM.SW
2022,2450000000,-29.32%,PKTM.SW
2021,3470000000,91.16%,PKTM.SW
2020,1810000000,45.46%,PKTM.SW
2019,1250000000,-9.89%,PKTM.SW
2018,1380000000,-18.47%,PKTM.SW
2017,1700000000,43.57%,PKTM.SW
2016,1180000000,30.03%,PKTM.SW
2015,910000000,30498.36%,PKTM.SW
2014,2970000,-92.12%,PKTM.SW
2013,37820000,209.73%,PKTM.SW
2012,12210000,-27.68%,PKTM.SW
2011,16880000,-11.95%,PKTM.SW
2010,19170000,-28.7%,PKTM.SW
2009,26890000,-33.85%,PKTM.SW
2008,40650000,-5.75%,PKTM.SW
2007,43130000,-30.58%,PKTM.SW
2006,62140000,46.59%,PKTM.SW
2005,42390000,3.62%,PKTM.SW
2004,40900000,,PKTM.SW
2025,850000000,9.05%,PLAN.SW
2024,780000000,5.62%,PLAN.SW
2023,730000000,6.33%,PLAN.SW
2022,690000000,-9.02%,PLAN.SW
2021,760000000,7.31%,PLAN.SW
2020,710000000,18.06%,PLAN.SW
2019,600000000,-12.62%,PLAN.SW
2018,680000000,42.29%,PLAN.SW
2017,480000000,6.3%,PLAN.SW
2016,450000000,9.92%,PLAN.SW
2015,410000000,,PLAN.SW
2025,236380000000,25.18%,PMI.SW
2024,188830000000,29.29%,PMI.SW
2023,146050000000,-6.91%,PMI.SW
2022,156890000000,6.08%,PMI.SW
2021,147890000000,14.71%,PMI.SW
2020,128930000000,-2.61%,PMI.SW
2019,132390000000,27.56%,PMI.SW
2018,103780000000,-36.75%,PMI.SW
2017,164090000000,15.62%,PMI.SW
2016,141930000000,4.21%,PMI.SW
2015,136200000000,8.1%,PMI.SW
2014,125990000000,-9%,PMI.SW
2013,138440000000,0.1%,PMI.SW
2012,138300000000,1.46%,PMI.SW
2011,136310000000,29.26%,PMI.SW
2010,105450000000,15.96%,PMI.SW
2009,90940000000,3.32%,PMI.SW
2008,88020000000,,PMI.SW
2025,470000000,5.82%,PMN.SW
2024,440000000,-9.58%,PMN.SW
2023,490000000,44.78%,PMN.SW
2022,340000000,-19.74%,PMN.SW
2021,420000000,-15.74%,PMN.SW
2020,500000000,6.72%,PMN.SW
2019,470000000,-3.4%,PMN.SW
2018,490000000,-18.93%,PMN.SW
2017,600000000,36.94%,PMN.SW
2016,440000000,-2.55%,PMN.SW
2015,450000000,1.6%,PMN.SW
2014,440000000,-24.15%,PMN.SW
2013,580000000,29.36%,PMN.SW
2012,450000000,-10.54%,PMN.SW
2011,500000000,-25.97%,PMN.SW
2010,680000000,82.48%,PMN.SW
2009,370000000,15.78%,PMN.SW
2008,320000000,-35.08%,PMN.SW
2007,500000000,6.67%,PMN.SW
2006,460000000,65.16%,PMN.SW
2005,280000000,-11.94%,PMN.SW
2004,320000000,-9.28%,PMN.SW
2003,350000000,,PMN.SW
2025,650000000,-38.38%,PPGN.SW
2024,1050000000,54.05%,PPGN.SW
2023,680000000,-24.32%,PPGN.SW
2022,900000000,-81.7%,PPGN.SW
2021,4950000000,,PPGN.SW
2025,7000000000,7.04%,PSPN.SW
2024,6540000000,2.16%,PSPN.SW
2023,6400000000,19.11%,PSPN.SW
2022,5380000000,-5.72%,PSPN.SW
2021,5700000000,-7.27%,PSPN.SW
2020,6150000000,,PSPN.SW
2025,1280000000,4.57%,REHN.SW
2024,1220000000,-26.97%,REHN.SW
2023,1670000000,35.5%,REHN.SW
2022,1230000000,-19.21%,REHN.SW
2021,1530000000,16.55%,REHN.SW
2020,1310000000,0.85%,REHN.SW
2019,1300000000,5.44%,REHN.SW
2018,1230000000,-1%,REHN.SW
2017,1240000000,-3.93%,REHN.SW
2016,1300000000,30.09%,REHN.SW
2015,990000000,-3.9%,REHN.SW
2014,1040000000,-15.56%,REHN.SW
2013,1230000000,-3.8%,REHN.SW
2012,1280000000,-8.71%,REHN.SW
2011,1400000000,-21.68%,REHN.SW
2010,1790000000,-8.28%,REHN.SW
2009,1950000000,-6.54%,REHN.SW
2008,2080000000,3.08%,REHN.SW
2007,2020000000,34.34%,REHN.SW
2006,1500000000,40.39%,REHN.SW
2005,1070000000,,REHN.SW
2025,420000000,-0.19%,RIEN.SW
2024,420000000,-11.84%,RIEN.SW
2023,480000000,-6.02%,RIEN.SW
2022,510000000,-41.33%,RIEN.SW
2021,870000000,77.7%,RIEN.SW
2020,480000000,-23.88%,RIEN.SW
2019,640000000,9.69%,RIEN.SW
2018,580000000,-46.78%,RIEN.SW
2017,1100000000,40.6%,RIEN.SW
2016,780000000,-8.64%,RIEN.SW
2015,850000000,12.06%,RIEN.SW
2014,760000000,-29.48%,RIEN.SW
2013,1080000000,34.56%,RIEN.SW
2012,800000000,15.93%,RIEN.SW
2011,690000000,-58.44%,RIEN.SW
2010,1670000000,59.78%,RIEN.SW
2009,1040000000,49.33%,RIEN.SW
2008,700000000,-64.28%,RIEN.SW
2007,1960000000,-15.71%,RIEN.SW
2006,2330000000,76.79%,RIEN.SW
2005,1310000000,2.44%,RIEN.SW
2004,1280000000,21.87%,RIEN.SW
2003,1050000000,,RIEN.SW
2025,280050000000,24.14%,ROG.SW
2024,225590000000,-3.61%,ROG.SW
2023,234050000000,-9.83%,ROG.SW
2022,259550000000,-27.83%,ROG.SW
2021,359630000000,20.2%,ROG.SW
2020,299200000000,8.27%,ROG.SW
2019,276350000000,31.2%,ROG.SW
2018,210640000000,-1.97%,ROG.SW
2017,214860000000,9.77%,ROG.SW
2016,195740000000,-17.9%,ROG.SW
2015,238410000000,2.92%,ROG.SW
2014,231650000000,-2.73%,ROG.SW
2013,238150000000,-24.51%,ROG.SW
2012,315460000000,114.14%,ROG.SW
2011,147310000000,15.59%,ROG.SW
2010,127440000000,-14.38%,ROG.SW
2009,148850000000,9.99%,ROG.SW
2008,135330000000,-10.67%,ROG.SW
2007,151500000000,-1.96%,ROG.SW
2006,154530000000,,ROG.SW
2025,780000000,4.94%,RSGN.SW
2024,740000000,111.55%,RSGN.SW
2023,350000000,59%,RSGN.SW
2022,220000000,-11.45%,RSGN.SW
2021,250000000,,RSGN.SW
2025,200000000,21.17%,SANN.SW
2024,170000000,25.12%,SANN.SW
2023,130000000,67.06%,SANN.SW
2022,81520000,12.95%,SANN.SW
2021,72180000,25.36%,SANN.SW
2020,57570000,-55.95%,SANN.SW
2019,130000000,79.77%,SANN.SW
2018,72710000,-68.62%,SANN.SW
2017,230000000,-28.79%,SANN.SW
2016,320000000,-42.69%,SANN.SW
2015,560000000,32.9%,SANN.SW
2014,420000000,2525.4%,SANN.SW
2013,16270000,3.56%,SANN.SW
2012,15710000,-16.77%,SANN.SW
2011,18880000,-43.82%,SANN.SW
2010,33610000,-62.47%,SANN.SW
2009,89570000,-31.84%,SANN.SW
2008,130000000,-43.89%,SANN.SW
2007,230000000,1.03%,SANN.SW
2006,230000000,,SANN.SW
2025,34130000000,14.61%,SCHN.SW
2024,29780000000,14.4%,SCHN.SW
2023,26030000000,31.82%,SCHN.SW
2022,19750000000,-31.43%,SCHN.SW
2021,28800000000,-0.86%,SCHN.SW
2020,29050000000,8.9%,SCHN.SW
2019,26680000000,27.31%,SCHN.SW
2018,20950000000,-13.58%,SCHN.SW
2017,24250000000,29.03%,SCHN.SW
2016,18790000000,3.03%,SCHN.SW
2015,18240000000,13%,SCHN.SW
2014,16140000000,-2.59%,SCHN.SW
2013,16570000000,0.09%,SCHN.SW
2012,16550000000,20.7%,SCHN.SW
2011,13710000000,,SCHN.SW
2025,31110000000,7.72%,SCMN.SW
2024,28880000000,-7.27%,SCMN.SW
2023,31140000000,9.76%,SCMN.SW
2022,28370000000,-2.73%,SCMN.SW
2021,29170000000,4.07%,SCMN.SW
2020,28030000000,2.27%,SCMN.SW
2019,27410000000,10.82%,SCMN.SW
2018,24730000000,-9.86%,SCMN.SW
2017,27440000000,18.14%,SCMN.SW
2016,23220000000,-11.92%,SCMN.SW
2015,26370000000,-3.68%,SCMN.SW
2014,27380000000,-0.42%,SCMN.SW
2013,27490000000,23%,SCMN.SW
2012,22350000000,13.99%,SCMN.SW
2011,19600000000,-13.95%,SCMN.SW
2010,22780000000,14.89%,SCMN.SW
2009,19830000000,17.62%,SCMN.SW
2008,16860000000,-16.63%,SCMN.SW
2007,20220000000,3.24%,SCMN.SW
2006,19590000000,1.1%,SCMN.SW
2005,19370000000,-25.48%,SCMN.SW
2004,26000000000,19.06%,SCMN.SW
2003,21840000000,-27.18%,SCMN.SW
2002,29990000000,-16.15%,SCMN.SW
2001,35770000000,3.82%,SCMN.SW
2000,34450000000,-34.55%,SCMN.SW
1999,52640000000,12%,SCMN.SW
1998,47000000000,,SCMN.SW
2025,5220000000,19.51%,SCR.SW
2024,4370000000,-13.55%,SCR.SW
2023,5050000000,23.6%,SCR.SW
2022,4090000000,-27.01%,SCR.SW
2021,5600000000,-7.17%,SCR.SW
2020,6030000000,-22.71%,SCR.SW
2019,7810000000,-5.77%,SCR.SW
2018,8290000000,10.5%,SCR.SW
2017,7500000000,16.82%,SCR.SW
2016,6420000000,-8.47%,SCR.SW
2015,7010000000,23.07%,SCR.SW
2014,5700000000,-16.17%,SCR.SW
2013,6800000000,37.34%,SCR.SW
2012,4950000000,,SCR.SW
2008,2300000000,-10.25%,SCR.SW
2007,2560000000,-13.57%,SCR.SW
2006,2970000000,42.28%,SCR.SW
2005,2080000000,35.15%,SCR.SW
2004,1540000000,585.94%,SCR.SW
2003,220000000,106.86%,SCR.SW
2002,100000000,-79.99%,SCR.SW
2001,540000000,-39.23%,SCR.SW
2000,890000000,,SCR.SW
2025,18550000000,2.67%,SDZ.SW
2024,18070000000,30.7%,SDZ.SW
2023,13820000000,,SDZ.SW
2025,1320000000,35.67%,SENS.SW
2024,970000000,-36.53%,SENS.SW
2023,1540000000,-6.71%,SENS.SW
2022,1650000000,-27.14%,SENS.SW
2021,2270000000,125.43%,SENS.SW
2020,1000000000,56.19%,SENS.SW
2019,640000000,0.77%,SENS.SW
2018,630000000,,SENS.SW
2025,650000000,3.47%,SFPN.SW
2024,630000000,-1.8%,SFPN.SW
2023,640000000,14.82%,SFPN.SW
2022,560000000,-12.84%,SFPN.SW
2021,640000000,0.46%,SFPN.SW
2020,640000000,8.2%,SFPN.SW
2019,590000000,16.3%,SFPN.SW
2018,510000000,-10.38%,SFPN.SW
2017,560000000,28.79%,SFPN.SW
2016,440000000,4.95%,SFPN.SW
2015,420000000,1.26%,SFPN.SW
2014,410000000,-5.11%,SFPN.SW
2013,430000000,-0.31%,SFPN.SW
2012,440000000,,SFPN.SW
2025,5190000000,-4.14%,SFSN.SW
2024,5420000000,12.58%,SFSN.SW
2023,4810000000,31.06%,SFSN.SW
2022,3670000000,-28.94%,SFSN.SW
2021,5170000000,15.79%,SFSN.SW
2020,4460000000,,SFSN.SW
2014,2840000000,,SFSN.SW
2025,4450000000,-5.87%,SFZN.SW
2024,4730000000,9.15%,SFZN.SW
2023,4330000000,53.99%,SFZN.SW
2022,2810000000,-31.27%,SFZN.SW
2021,4090000000,32.64%,SFZN.SW
2020,3090000000,,SFZN.SW
2025,3250000000,12.65%,SGKN.SW
2024,2890000000,-17.19%,SGKN.SW
2023,3490000000,12.34%,SGKN.SW
2022,3110000000,9.25%,SGKN.SW
2021,2840000000,1.1%,SGKN.SW
2020,2810000000,,SGKN.SW
2025,19020000000,-0.22%,SGSN.SW
2024,19060000000,20.05%,SGSN.SW
2023,15870000000,-8.82%,SGSN.SW
2022,17410000000,-30.08%,SGSN.SW
2021,24900000000,10.11%,SGSN.SW
2020,22620000000,9.44%,SGSN.SW
2019,20660000000,21.84%,SGSN.SW
2018,16960000000,-13.34%,SGSN.SW
2017,19570000000,26.35%,SGSN.SW
2016,15490000000,5.32%,SGSN.SW
2015,14710000000,-7.35%,SGSN.SW
2014,15870000000,-10.27%,SGSN.SW
2013,17690000000,4.44%,SGSN.SW
2012,16940000000,35.44%,SGSN.SW
2011,12510000000,-1.83%,SGSN.SW
2010,12740000000,30.07%,SGSN.SW
2009,9790000000,22.26%,SGSN.SW
2008,8010000000,-11.86%,SGSN.SW
2007,9090000000,7.16%,SGSN.SW
2006,8480000000,34.25%,SGSN.SW
2005,6310000000,15.68%,SGSN.SW
2004,5460000000,13.63%,SGSN.SW
2003,4800000000,30.6%,SGSN.SW
2002,3680000000,56.1%,SGSN.SW
2001,2350000000,,SGSN.SW
2025,7720000000,2.38%,SIGN.SW
2024,7540000000,-14.2%,SIGN.SW
2023,8780000000,5.27%,SIGN.SW
2022,8340000000,-11.23%,SIGN.SW
2021,9400000000,26.12%,SIGN.SW
2020,7450000000,45.98%,SIGN.SW
2019,5100000000,50.08%,SIGN.SW
2018,3400000000,,SIGN.SW
2025,41000000000,6.46%,SIKA.SW
2024,38510000000,-26.17%,SIKA.SW
2023,52170000000,42.13%,SIKA.SW
2022,36700000000,-37.77%,SIKA.SW
2021,58980000000,51.73%,SIKA.SW
2020,38870000000,46.1%,SIKA.SW
2019,26610000000,48.25%,SIKA.SW
2018,17940000000,5.63%,SIKA.SW
2017,16990000000,64.55%,SIKA.SW
2016,10320000000,31.27%,SIKA.SW
2015,7860000000,23.36%,SIKA.SW
2014,6370000000,-16.82%,SIKA.SW
2013,7660000000,55.16%,SIKA.SW
2012,4940000000,21.99%,SIKA.SW
2011,4040000000,-14.22%,SIKA.SW
2010,4720000000,43.74%,SIKA.SW
2009,3280000000,83.73%,SIKA.SW
2008,1780000000,-55.96%,SIKA.SW
2007,4050000000,21.76%,SIKA.SW
2006,3330000000,87.09%,SIKA.SW
2005,1780000000,38.52%,SIKA.SW
2004,1280000000,40.83%,SIKA.SW
2003,910000000,,SIKA.SW
2025,1830000000,-5.96%,SKAN.SW
2024,1940000000,-9.81%,SKAN.SW
2023,2160000000,40.92%,SKAN.SW
2022,1530000000,-29.67%,SKAN.SW
2021,2180000000,,SKAN.SW
2025,25360000000,18.21%,SLHN.SW
2024,21450000000,9.41%,SLHN.SW
2023,19600000000,25.91%,SLHN.SW
2022,15570000000,-17.59%,SLHN.SW
2021,18890000000,27.05%,SLHN.SW
2020,14870000000,-6.95%,SLHN.SW
2019,15980000000,22.86%,SLHN.SW
2018,13010000000,15.74%,SLHN.SW
2017,11240000000,24.66%,SLHN.SW
2016,9010000000,3.19%,SLHN.SW
2015,8730000000,14.6%,SLHN.SW
2014,7620000000,14.55%,SLHN.SW
2013,6650000000,56.73%,SLHN.SW
2012,4240000000,45.09%,SLHN.SW
2011,2920000000,-36.59%,SLHN.SW
2010,4610000000,13.58%,SLHN.SW
2009,4060000000,92.21%,SLHN.SW
2008,2110000000,-74.21%,SLHN.SW
2007,8200000000,-2.01%,SLHN.SW
2006,8360000000,37.18%,SLHN.SW
2005,6100000000,,SLHN.SW
2025,390000000,12.06%,SNBN.SW
2024,350000000,-30.86%,SNBN.SW
2023,510000000,-1.36%,SNBN.SW
2022,510000000,-9.59%,SNBN.SW
2021,570000000,8.03%,SNBN.SW
2020,530000000,-4.6%,SNBN.SW
2019,550000000,31.89%,SNBN.SW
2018,420000000,5.64%,SNBN.SW
2017,390000000,132.49%,SNBN.SW
2016,170000000,54.44%,SNBN.SW
2015,110000000,3.74%,SNBN.SW
2014,100000000,-8.96%,SNBN.SW
2013,110000000,4.56%,SNBN.SW
2012,110000000,11.59%,SNBN.SW
2011,100000000,-4.71%,SNBN.SW
2010,100000000,10.22%,SNBN.SW
2009,96110000,-2.21%,SNBN.SW
2008,98280000,-20.53%,SNBN.SW
2007,120000000,17.55%,SNBN.SW
2006,100000000,22.51%,SNBN.SW
2005,85870000,-2.05%,SNBN.SW
2004,87680000,10.41%,SNBN.SW
2003,79410000,-26.03%,SNBN.SW
2002,100000000,-12.05%,SNBN.SW
2001,120000000,41.05%,SNBN.SW
2000,86540000,-0.65%,SNBN.SW
1999,87110000,-15.38%,SNBN.SW
1998,100000000,0%,SNBN.SW
1997,100000000,58.26%,SNBN.SW
1996,65050000,,SNBN.SW
2025,18010000000,-8.04%,SOON.SW
2024,19590000000,0.78%,SOON.SW
2023,19440000000,34.05%,SOON.SW
2022,14500000000,-40.57%,SOON.SW
2021,24400000000,48.4%,SOON.SW
2020,16440000000,13.23%,SOON.SW
2019,14520000000,36.22%,SOON.SW
2018,10660000000,4.94%,SOON.SW
2017,10150000000,28.19%,SOON.SW
2016,7920000000,-6.63%,SOON.SW
2015,8480000000,-14.96%,SOON.SW
2014,9980000000,9.87%,SOON.SW
2013,9080000000,22.63%,SOON.SW
2012,7400000000,6.64%,SOON.SW
2011,6940000000,-18.5%,SOON.SW
2010,8520000000,76.79%,SOON.SW
2009,4820000000,,SOON.SW
2025,9470000000,12.01%,SPSN.SW
2024,8450000000,3.25%,SPSN.SW
2023,8190000000,23.22%,SPSN.SW
2022,6640000000,-10.82%,SPSN.SW
2021,7450000000,-0.46%,SPSN.SW
2020,7480000000,,SPSN.SW
2025,6530000000,13.64%,SQN.SW
2024,5740000000,54.22%,SQN.SW
2023,3720000000,72.28%,SQN.SW
2022,2160000000,-33.46%,SQN.SW
2021,3250000000,125.21%,SQN.SW
2020,1440000000,93.94%,SQN.SW
2019,740000000,8.76%,SQN.SW
2018,680000000,24.04%,SQN.SW
2017,550000000,57.83%,SQN.SW
2016,340000000,-8.25%,SQN.SW
2015,380000000,-19.29%,SQN.SW
2014,470000000,-26.53%,SQN.SW
2013,640000000,41.25%,SQN.SW
2012,450000000,-10.35%,SQN.SW
2011,500000000,-38.29%,SQN.SW
2010,820000000,12.79%,SQN.SW
2009,720000000,40.36%,SQN.SW
2008,510000000,-36.9%,SQN.SW
2007,820000000,77.6%,SQN.SW
2006,460000000,190.27%,SQN.SW
2005,150000000,30.6%,SQN.SW
2004,120000000,26.01%,SQN.SW
2003,97010000,,SQN.SW
2025,2520000000,13.69%,SRAIL.SW
2024,2210000000,-38.39%,SRAIL.SW
2023,3590000000,1.48%,SRAIL.SW
2022,3540000000,-18.86%,SRAIL.SW
2021,4360000000,-4.68%,SRAIL.SW
2020,4580000000,,SRAIL.SW
2025,49360000000,16.48%,SREN.SW
2024,42370000000,30.5%,SREN.SW
2023,32470000000,20.17%,SREN.SW
2022,27020000000,-5.35%,SREN.SW
2021,28540000000,8.26%,SREN.SW
2020,26360000000,-18.65%,SREN.SW
2019,32410000000,17.9%,SREN.SW
2018,27490000000,-8.13%,SREN.SW
2017,29920000000,-1.74%,SREN.SW
2016,30450000000,-9.24%,SREN.SW
2015,33550000000,15.87%,SREN.SW
2014,28950000000,-8.5%,SREN.SW
2013,31640000000,18.22%,SREN.SW
2012,26760000000,53.7%,SREN.SW
2011,17410000000,-5.41%,SREN.SW
2010,18410000000,11.53%,SREN.SW
2009,16500000000,-1.23%,SREN.SW
2008,16710000000,-34.32%,SREN.SW
2007,25440000000,-19.94%,SREN.SW
2006,31780000000,,SREN.SW
2025,240000000,5.12%,STGN.SW
2024,220000000,-28.96%,STGN.SW
2023,320000000,73.75%,STGN.SW
2022,180000000,8.25%,STGN.SW
2021,170000000,14.7%,STGN.SW
2020,140000000,-6.77%,STGN.SW
2019,160000000,9.1%,STGN.SW
2018,140000000,-35.01%,STGN.SW
2017,220000000,30.52%,STGN.SW
2016,170000000,10.69%,STGN.SW
2015,150000000,-28.64%,STGN.SW
2014,210000000,-23.58%,STGN.SW
2013,280000000,25.07%,STGN.SW
2012,220000000,29.24%,STGN.SW
2011,170000000,-1.3%,STGN.SW
2010,170000000,33.93%,STGN.SW
2009,130000000,7.89%,STGN.SW
2008,120000000,-26.06%,STGN.SW
2007,160000000,71.05%,STGN.SW
2006,98380000,,STGN.SW
2025,53210000,-67.79%,STLN.SW
2024,160000000,-45.74%,STLN.SW
2023,300000000,-55.58%,STLN.SW
2022,680000000,-40.4%,STLN.SW
2021,1140000000,112.8%,STLN.SW
2020,540000000,97.66%,STLN.SW
2019,270000000,-47.19%,STLN.SW
2018,510000000,-36.48%,STLN.SW
2017,810000000,29.22%,STLN.SW
2016,630000000,31.9%,STLN.SW
2015,470000000,-53.68%,STLN.SW
2014,1030000000,-11.89%,STLN.SW
2013,1170000000,216.5%,STLN.SW
2012,370000000,-45.15%,STLN.SW
2011,670000000,-36.5%,STLN.SW
2010,1060000000,49.56%,STLN.SW
2009,710000000,54.41%,STLN.SW
2008,460000000,-81.02%,STLN.SW
2007,2420000000,6.83%,STLN.SW
2006,2260000000,1424.26%,STLN.SW
2005,140000000,,STLN.SW
2025,20130000000,-0.82%,STMN.SW
2024,20290000000,-20.95%,STMN.SW
2023,25670000000,41.53%,STMN.SW
2022,18140000000,-46.2%,STMN.SW
2021,33720000000,81.35%,STMN.SW
2020,18590000000,19.45%,STMN.SW
2019,15560000000,56.48%,STMN.SW
2018,9940000000,-10.27%,STMN.SW
2017,11080000000,80.51%,STMN.SW
2016,6140000000,26.6%,STMN.SW
2015,4850000000,22.49%,STMN.SW
2014,3960000000,35.62%,STMN.SW
2013,2920000000,54.1%,STMN.SW
2012,1890000000,-28.97%,STMN.SW
2011,2660000000,-25.63%,STMN.SW
2010,3580000000,-19.08%,STMN.SW
2009,4430000000,59.48%,STMN.SW
2008,2780000000,-35.52%,STMN.SW
2007,4310000000,14.15%,STMN.SW
2006,3770000000,4.79%,STMN.SW
2005,3600000000,12.24%,STMN.SW
2004,3210000000,34.78%,STMN.SW
2003,2380000000,,STMN.SW
2025,6200000000,25.43%,SUN.SW
2024,4950000000,42.91%,SUN.SW
2023,3460000000,31.39%,SUN.SW
2022,2630000000,-20.51%,SUN.SW
2021,3310000000,-7.18%,SUN.SW
2020,3570000000,,SUN.SW
2025,1000000000,2.26%,SWON.SW
2024,980000000,-67.32%,SWON.SW
2023,3020000000,37.66%,SWON.SW
2022,2190000000,-34.45%,SWON.SW
2021,3340000000,-27.09%,SWON.SW
2020,4590000000,,SWON.SW
2025,690000000,3.65%,SWTQ.SW
2024,660000000,-24.6%,SWTQ.SW
2023,880000000,-22.51%,SWTQ.SW
2022,1130000000,-46.22%,SWTQ.SW
2021,2110000000,-10.65%,SWTQ.SW
2020,2370000000,,SWTQ.SW
2025,2500000000,-13.59%,TECN.SW
2024,2900000000,-44.4%,TECN.SW
2023,5210000000,-8.1%,TECN.SW
2022,5670000000,-26.33%,TECN.SW
2021,7700000000,31.07%,TECN.SW
2020,5870000000,76.33%,TECN.SW
2019,3330000000,46.05%,TECN.SW
2018,2280000000,-5.39%,TECN.SW
2017,2410000000,33.94%,TECN.SW
2016,1800000000,-4.74%,TECN.SW
2015,1890000000,48.23%,TECN.SW
2014,1270000000,-3.2%,TECN.SW
2013,1310000000,44.25%,TECN.SW
2012,910000000,25.75%,TECN.SW
2011,720000000,-19%,TECN.SW
2010,890000000,14.31%,TECN.SW
2009,780000000,102.9%,TECN.SW
2008,380000000,-46.7%,TECN.SW
2007,720000000,-3.59%,TECN.SW
2006,750000000,44.83%,TECN.SW
2005,510000000,37.21%,TECN.SW
2004,370000000,-40.25%,TECN.SW
2003,630000000,,TECN.SW
2025,5680000000,10.47%,TEMN.SW
2024,5140000000,-23.13%,TEMN.SW
2023,6690000000,70%,TEMN.SW
2022,3930000000,-60.84%,TEMN.SW
2021,10050000000,-0.45%,TEMN.SW
2020,10090000000,-10.01%,TEMN.SW
2019,11220000000,35.21%,TEMN.SW
2018,8290000000,-7.41%,TEMN.SW
2017,8960000000,85.43%,TEMN.SW
2016,4830000000,39.34%,TEMN.SW
2015,3460000000,47.22%,TEMN.SW
2014,2350000000,22.56%,TEMN.SW
2013,1920000000,58.67%,TEMN.SW
2012,1210000000,7.4%,TEMN.SW
2011,1120000000,,TEMN.SW
2025,160000000,15.5%,TIBN.SW
2024,140000000,-15.77%,TIBN.SW
2023,160000000,12.77%,TIBN.SW
2022,140000000,-10.32%,TIBN.SW
2021,160000000,-9.35%,TIBN.SW
2020,180000000,-23.95%,TIBN.SW
2019,230000000,-5.8%,TIBN.SW
2018,250000000,-6.66%,TIBN.SW
2017,270000000,16.88%,TIBN.SW
2016,230000000,-14.7%,TIBN.SW
2015,270000000,65.25%,TIBN.SW
2014,160000000,37.29%,TIBN.SW
2013,110000000,8.56%,TIBN.SW
2012,110000000,59.77%,TIBN.SW
2011,69130000,13.1%,TIBN.SW
2010,61120000,20.6%,TIBN.SW
2009,50680000,14.41%,TIBN.SW
2008,44290000,-12.85%,TIBN.SW
2007,50830000,48.13%,TIBN.SW
2006,34310000,9.7%,TIBN.SW
2005,31280000,3.59%,TIBN.SW
2004,30190000,30.94%,TIBN.SW
2003,23060000,,TIBN.SW
2025,640000000,15.79%,TKBP.SW
2024,560000000,-1.35%,TKBP.SW
2023,560000000,10.34%,TKBP.SW
2022,510000000,10.52%,TKBP.SW
2021,460000000,-1.67%,TKBP.SW
2020,470000000,5.34%,TKBP.SW
2019,450000000,9.59%,TKBP.SW
2018,410000000,-1.68%,TKBP.SW
2017,410000000,20.22%,TKBP.SW
2016,340000000,7.63%,TKBP.SW
2015,320000000,,TKBP.SW
2025,2200000000,4.88%,TXGN.SW
2024,2100000000,37.98%,TXGN.SW
2023,1520000000,-10.27%,TXGN.SW
2022,1690000000,-6.41%,TXGN.SW
2021,1810000000,113.11%,TXGN.SW
2020,850000000,-16.94%,TXGN.SW
2019,1020000000,-9.75%,TXGN.SW
2018,1130000000,-24.39%,TXGN.SW
2017,1500000000,-7.49%,TXGN.SW
2016,1620000000,-11.52%,TXGN.SW
2015,1830000000,34.82%,TXGN.SW
2014,1360000000,5.55%,TXGN.SW
2013,1280000000,10.72%,TXGN.SW
2012,1160000000,-9.19%,TXGN.SW
2011,1280000000,-6.85%,TXGN.SW
2010,1370000000,77.81%,TXGN.SW
2009,770000000,52.27%,TXGN.SW
2008,500000000,-63.06%,TXGN.SW
2007,1370000000,4.27%,TXGN.SW
2006,1310000000,35.72%,TXGN.SW
2005,970000000,5.58%,TXGN.SW
2004,920000000,3.5%,TXGN.SW
2003,880000000,,TXGN.SW
2025,103830000000,6.2%,UBSG.SW
2024,97760000000,-2.14%,UBSG.SW
2023,99900000000,68.15%,UBSG.SW
2022,59410000000,-2.71%,UBSG.SW
2021,61060000000,19.25%,UBSG.SW
2020,51210000000,12.25%,UBSG.SW
2019,45620000000,-0.49%,UBSG.SW
2018,45840000000,-32.71%,UBSG.SW
2017,68140000000,17.28%,UBSG.SW
2016,58090000000,-21.57%,UBSG.SW
2015,74070000000,18.1%,UBSG.SW
2014,62720000000,-12.69%,UBSG.SW
2013,71840000000,21.8%,UBSG.SW
2012,58980000000,33.06%,UBSG.SW
2011,44320000000,-29.02%,UBSG.SW
2010,62450000000,14.38%,UBSG.SW
2009,54600000000,33.02%,UBSG.SW
2008,41050000000,-53.41%,UBSG.SW
2007,88110000000,-24.75%,UBSG.SW
2006,117080000000,150.02%,UBSG.SW
2005,46830000000,9.17%,UBSG.SW
2004,42890000000,6.66%,UBSG.SW
2003,40210000000,44.21%,UBSG.SW
2002,27880000000,-10.07%,UBSG.SW
2001,31010000000,167.33%,UBSG.SW
2000,11600000000,,UBSG.SW
2025,680000000,15.25%,UBXN.SW
2024,590000000,-29.31%,UBXN.SW
2023,840000000,1.09%,UBXN.SW
2022,830000000,56.07%,UBXN.SW
2021,530000000,15.5%,UBXN.SW
2020,460000000,-33.88%,UBXN.SW
2019,700000000,23.83%,UBXN.SW
2018,560000000,-57.77%,UBXN.SW
2017,1330000000,5.94%,UBXN.SW
2016,1260000000,-13.41%,UBXN.SW
2015,1460000000,59.45%,UBXN.SW
2014,910000000,30.9%,UBXN.SW
2013,690000000,158.65%,UBXN.SW
2012,270000000,-1.14%,UBXN.SW
2011,270000000,-18.59%,UBXN.SW
2010,330000000,112.06%,UBXN.SW
2009,150000000,38.23%,UBXN.SW
2008,110000000,-67.52%,UBXN.SW
2007,350000000,,UBXN.SW
2025,9420000000,1.46%,UHR.SW
2024,9290000000,-32.86%,UHR.SW
2023,13840000000,-2.3%,UHR.SW
2022,14160000000,-8.69%,UHR.SW
2021,15510000000,10.96%,UHR.SW
2020,13980000000,-0.51%,UHR.SW
2019,14050000000,-6.34%,UHR.SW
2018,15000000000,-28.6%,UHR.SW
2017,21010000000,23.5%,UHR.SW
2016,17010000000,-11.68%,UHR.SW
2015,19260000000,-21.84%,UHR.SW
2014,24640000000,-28.61%,UHR.SW
2013,34520000000,31.34%,UHR.SW
2012,26280000000,,UHR.SW
2002,810000000,-25.77%,UHR.SW
2001,1100000000,-23.17%,UHR.SW
2000,1430000000,12.05%,UHR.SW
1999,1280000000,88.08%,UHR.SW
1998,680000000,,UHR.SW
2025,11650000000,1.58%,VACN.SW
2024,11470000000,-23.59%,VACN.SW
2023,15010000000,83.2%,VACN.SW
2022,8190000000,-45.03%,VACN.SW
2021,14910000000,98.52%,VACN.SW
2020,7510000000,,VACN.SW
2016,1660000000,,VACN.SW
2025,300000000,-7.08%,VARN.SW
2024,320000000,-28.63%,VARN.SW
2023,450000000,-9.43%,VARN.SW
2022,500000000,-9.17%,VARN.SW
2021,550000000,22.93%,VARN.SW
2020,450000000,14.32%,VARN.SW
2019,390000000,16.29%,VARN.SW
2018,340000000,14.83%,VARN.SW
2017,290000000,23.92%,VARN.SW
2016,230000000,,VARN.SW
2025,2120000000,15.47%,VATN.SW
2024,1840000000,2.77%,VATN.SW
2023,1790000000,4.82%,VATN.SW
2022,1700000000,8.33%,VATN.SW
2021,1570000000,1.84%,VATN.SW
2020,1540000000,1.06%,VATN.SW
2019,1530000000,-14.33%,VATN.SW
2018,1780000000,4.7%,VATN.SW
2017,1700000000,9.27%,VATN.SW
2016,1560000000,-13.97%,VATN.SW
2015,1810000000,32.67%,VATN.SW
2014,1370000000,-2.88%,VATN.SW
2013,1410000000,3.15%,VATN.SW
2012,1360000000,-29.61%,VATN.SW
2011,1940000000,-19.28%,VATN.SW
2010,2400000000,-22.71%,VATN.SW
2009,3110000000,10.73%,VATN.SW
2008,2810000000,12.16%,VATN.SW
2007,2500000000,34.25%,VATN.SW
2006,1860000000,27.73%,VATN.SW
2005,1460000000,2.41%,VATN.SW
2004,1420000000,,VATN.SW
2025,410000000,2.43%,VBSN.SW
2024,400000000,25.64%,VBSN.SW
2023,310000000,2.98%,VBSN.SW
2022,310000000,-3.91%,VBSN.SW
2021,320000000,-36.54%,VBSN.SW
2020,500000000,31.71%,VBSN.SW
2019,380000000,-0.99%,VBSN.SW
2018,390000000,-12.49%,VBSN.SW
2017,440000000,-6.58%,VBSN.SW
2016,470000000,15.64%,VBSN.SW
2015,410000000,25.99%,VBSN.SW
2014,320000000,18.78%,VBSN.SW
2013,270000000,5.09%,VBSN.SW
2012,260000000,22.03%,VBSN.SW
2011,210000000,-8.94%,VBSN.SW
2010,230000000,60.34%,VBSN.SW
2009,140000000,54.3%,VBSN.SW
2008,95500000,18.85%,VBSN.SW
2007,80350000,,VBSN.SW
2025,640000000,14.83%,VETN.SW
2024,560000000,-38.98%,VETN.SW
2023,920000000,19.01%,VETN.SW
2022,770000000,-38.01%,VETN.SW
2021,1240000000,-6.91%,VETN.SW
2020,1340000000,7.89%,VETN.SW
2019,1240000000,53.58%,VETN.SW
2018,810000000,6.07%,VETN.SW
2017,760000000,-60.16%,VETN.SW
2016,1910000000,10.35%,VETN.SW
2015,1730000000,173.33%,VETN.SW
2014,630000000,-21.88%,VETN.SW
2013,810000000,7.48%,VETN.SW
2012,750000000,,VETN.SW
2007,460000000,54.17%,VETN.SW
2006,290000000,79.84%,VETN.SW
2005,160000000,1.45%,VETN.SW
2004,160000000,70.42%,VETN.SW
2003,96370000,,VETN.SW
2025,4020000000,0.93%,VONN.SW
2024,3990000000,10.41%,VONN.SW
2023,3610000000,-2.19%,VONN.SW
2022,3690000000,-23.49%,VONN.SW
2021,4830000000,8.8%,VONN.SW
2020,4430000000,,VONN.SW
2025,7370000000,16.34%,VZN.SW
2024,6330000000,38.21%,VZN.SW
2023,4580000000,50.19%,VZN.SW
2022,3050000000,-27.55%,VZN.SW
2021,4210000000,16.97%,VZN.SW
2020,3600000000,,VZN.SW
2025,480000000,37.67%,VZUG.SW
2024,350000000,-28.52%,VZUG.SW
2023,490000000,-21.76%,VZUG.SW
2022,630000000,-26.83%,VZUG.SW
2021,860000000,34.4%,VZUG.SW
2020,640000000,,VZUG.SW
2025,670000000,2.43%,WARN.SW
2024,650000000,20.58%,WARN.SW
2023,540000000,-10.45%,WARN.SW
2022,600000000,-5.27%,WARN.SW
2021,640000000,-3.92%,WARN.SW
2020,660000000,26.94%,WARN.SW
2019,520000000,36.9%,WARN.SW
2018,380000000,-3.53%,WARN.SW
2017,390000000,10.72%,WARN.SW
2016,350000000,0.91%,WARN.SW
2015,350000000,31.27%,WARN.SW
2014,270000000,-5.11%,WARN.SW
2013,280000000,-3.19%,WARN.SW
2012,290000000,1.02%,WARN.SW
2011,290000000,2.96%,WARN.SW
2010,280000000,16.6%,WARN.SW
2009,240000000,16.16%,WARN.SW
2008,210000000,2.63%,WARN.SW
2007,200000000,,WARN.SW
2025,55020000,-26.16%,WIHN.SW
2024,74510000,348.4%,WIHN.SW
2023,16610000,-48.99%,WIHN.SW
2022,32570000,-75.53%,WIHN.SW
2021,130000000,-22.74%,WIHN.SW
2020,170000000,-28.21%,WIHN.SW
2019,240000000,-20.35%,WIHN.SW
2018,300000000,-49.57%,WIHN.SW
2017,590000000,43.16%,WIHN.SW
2016,410000000,,WIHN.SW
2025,2080000000,8.95%,WKBN.SW
2024,1910000000,-5.95%,WKBN.SW
2023,2030000000,15.1%,WKBN.SW
2022,1760000000,1.68%,WKBN.SW
2021,1730000000,-7.27%,WKBN.SW
2020,1870000000,3.96%,WKBN.SW
2019,1800000000,5.11%,WKBN.SW
2018,1710000000,9.86%,WKBN.SW
2017,1550000000,249.17%,WKBN.SW
2016,440000000,-1.43%,WKBN.SW
2015,450000000,-58.82%,WKBN.SW
2014,1100000000,-12.61%,WKBN.SW
2013,1250000000,176.5%,WKBN.SW
2012,450000000,-64.2%,WKBN.SW
2011,1270000000,257.95%,WKBN.SW
2010,350000000,9.26%,WKBN.SW
2009,320000000,40.52%,WKBN.SW
2008,230000000,-7.01%,WKBN.SW
2007,240000000,5.66%,WKBN.SW
2006,230000000,,WKBN.SW
2025,130000000,-17.6%,XLS.SW
2024,150000000,-52.43%,XLS.SW
2023,330000000,95.32%,XLS.SW
2022,160000000,,XLS.SW
2025,5400000000,5.92%,YPSN.SW
2024,5100000000,3.81%,YPSN.SW
2023,4910000000,97.22%,YPSN.SW
2022,2490000000,-3.3%,YPSN.SW
2021,2570000000,21.74%,YPSN.SW
2020,2110000000,24.72%,YPSN.SW
2019,1690000000,-5.53%,YPSN.SW
2018,1790000000,-13.61%,YPSN.SW
2017,2080000000,-9.13%,YPSN.SW
2016,2290000000,37.62%,YPSN.SW
2015,1660000000,47.95%,YPSN.SW
2014,1120000000,24.36%,YPSN.SW
2013,900000000,21.48%,YPSN.SW
2012,740000000,0.64%,YPSN.SW
2011,740000000,5.55%,YPSN.SW
2010,700000000,-1.76%,YPSN.SW
2009,710000000,-8.91%,YPSN.SW
2008,780000000,-4.24%,YPSN.SW
2007,810000000,-20.96%,YPSN.SW
2006,1030000000,-40.62%,YPSN.SW
2005,1740000000,1020740.13%,YPSN.SW
2004,170000,,YPSN.SW
2025,21950000000,3.19%,ZBH.SW
2024,21270000000,-16.35%,ZBH.SW
2023,25430000000,-4.95%,ZBH.SW
2022,26750000000,0.82%,ZBH.SW
2021,26530000000,-16.91%,ZBH.SW
2020,31930000000,3.59%,ZBH.SW
2019,30830000000,45.73%,ZBH.SW
2018,21150000000,-13.4%,ZBH.SW
2017,24430000000,18.2%,ZBH.SW
2016,20670000000,-0.6%,ZBH.SW
2015,20790000000,8.04%,ZBH.SW
2014,19240000000,21.64%,ZBH.SW
2013,15820000000,38.33%,ZBH.SW
2012,11430000000,19.51%,ZBH.SW
2011,9570000000,-8.84%,ZBH.SW
2010,10490000000,-13.01%,ZBH.SW
2009,12070000000,32.97%,ZBH.SW
2008,9070000000,-41.08%,ZBH.SW
2007,15400000000,-16.99%,ZBH.SW
2006,18560000000,11.06%,ZBH.SW
2005,16710000000,-15.04%,ZBH.SW
2004,19660000000,15.26%,ZBH.SW
2003,17060000000,110.56%,ZBH.SW
2002,8100000000,36.86%,ZBH.SW
2001,5920000000,,ZBH.SW
2025,630000000,16.3%,ZEHN.SW
2024,540000000,-23.76%,ZEHN.SW
2023,720000000,3.5%,ZEHN.SW
2022,690000000,-41.18%,ZEHN.SW
2021,1180000000,51.71%,ZEHN.SW
2020,770000000,42.48%,ZEHN.SW
2019,540000000,39.49%,ZEHN.SW
2018,390000000,-16.81%,ZEHN.SW
2017,470000000,27.96%,ZEHN.SW
2016,360000000,-18.62%,ZEHN.SW
2015,450000000,-7.09%,ZEHN.SW
2014,480000000,-9.54%,ZEHN.SW
2013,530000000,-4.77%,ZEHN.SW
2012,560000000,5.96%,ZEHN.SW
2011,530000000,-9.86%,ZEHN.SW
2010,590000000,80.73%,ZEHN.SW
2009,320000000,63.18%,ZEHN.SW
2008,200000000,-50.35%,ZEHN.SW
2007,400000000,-7.46%,ZEHN.SW
2006,430000000,52.18%,ZEHN.SW
2005,280000000,-13.32%,ZEHN.SW
2004,330000000,68.06%,ZEHN.SW
2003,190000000,,ZEHN.SW
2025,130000000,6.62%,ZUBN.SW
2024,120000000,22.58%,ZUBN.SW
2023,100000000,13.37%,ZUBN.SW
2022,90440000,-7%,ZUBN.SW
2021,97250000,-6.31%,ZUBN.SW
2020,100000000,12.34%,ZUBN.SW
2019,92400000,5.36%,ZUBN.SW
2018,87700000,-3.6%,ZUBN.SW
2017,90980000,40.01%,ZUBN.SW
2016,64980000,1112.76%,ZUBN.SW
2015,5350000,-92.94%,ZUBN.SW
2014,75850000,-39.37%,ZUBN.SW
2013,120000000,-28.93%,ZUBN.SW
2012,170000000,16.58%,ZUBN.SW
2011,150000000,-27.31%,ZUBN.SW
2010,200000000,1.38%,ZUBN.SW
2009,200000000,-2.1%,ZUBN.SW
2008,200000000,-46.12%,ZUBN.SW
2007,380000000,25.79%,ZUBN.SW
2006,300000000,34.4%,ZUBN.SW
2005,220000000,,ZUBN.SW
2025,2840000000,9.47%,ZUGER.SW
2024,2590000000,0.64%,ZUGER.SW
2023,2570000000,14.25%,ZUGER.SW
2022,2250000000,6.35%,ZUGER.SW
2021,2120000000,1.6%,ZUGER.SW
2020,2080000000,,ZUGER.SW
2025,2290000000,5.94%,ZUGN.SW
2024,2160000000,18.56%,ZUGN.SW
2023,1820000000,-0.35%,ZUGN.SW
2022,1830000000,-11.68%,ZUGN.SW
2021,2070000000,-5.89%,ZUGN.SW
2020,2200000000,,ZUGN.SW
2025,98340000000,14.19%,ZURN.SW
2024,86120000000,12.65%,ZURN.SW
2023,76450000000,7.8%,ZURN.SW
2022,70920000000,8.99%,ZURN.SW
2021,65070000000,3.43%,ZURN.SW
2020,62910000000,3.65%,ZURN.SW
2019,60690000000,38.32%,ZURN.SW
2018,43880000000,-3.58%,ZURN.SW
2017,45510000000,10.55%,ZURN.SW
2016,41160000000,5.53%,ZURN.SW
2015,39010000000,-16.6%,ZURN.SW
2014,46770000000,8.78%,ZURN.SW
2013,43000000000,8.72%,ZURN.SW
2012,39550000000,19.85%,ZURN.SW
2011,33000000000,-12.3%,ZURN.SW
2010,37620000000,18.42%,ZURN.SW
2009,31770000000,6.64%,ZURN.SW
2008,29790000000,-27.38%,ZURN.SW
2007,41030000000,5.53%,ZURN.SW
2006,38880000000,26.9%,ZURN.SW
2005,30640000000,27.99%,ZURN.SW
2004,23940000000,15.49%,ZURN.SW
2003,20720000000,0%,ZURN.SW
2002,20720000000,-26.76%,ZURN.SW
2001,28290000000,-69.48%,ZURN.SW
2000,92710000000,,ZURN.SW
